2	&Aliy-i-Sayyah	&‘Alíy-i-Sayyah
1	&Bahá’ísm	&Bahá'ism
2	'ABBUD	'ABBÚD
2	'ABDU'R-RAHIM	'ABDU'R-RAḤÍM
1	'ALA-AD-DIN	'ALA-AD-DÍN
1	'ARAB	‘ARAB
2	'Abdu'1-Bahá	‘Abdu’l-Bahá
1	'Abdu'1-Bahá's	‘Abdu’l-Bahá's
1	'Abdu'1Bahá'	‘Abdu’l-Bahá'
2	'Abdu1-Bahá	‘Abdu’l-Bahá
9	'Abú’l-Qásim	'Abu’l-Qásim
1	'Abú’l-Qásim-i-Kashi'	'Abu’l-Qásim-i-Kashí'
6	'Adudu'd-Dawla	'Adudu'd-Dawlih
1	'Akbar-i-Shahmirzadi	'Akbar-i-S_háhmírzádí
11	'Ala'	‘Alá’
2	'Ala'u'd-Dawla	‘Alá’u'd-Dawlih
20	'Ala'u'd-Dawlih	‘Alá’u'd-Dawlih
1	'Ala'u'd-Dawlih's	‘Alá’u'd-Dawlih's
5	'Ala'u'd-Din	‘Alá’u'd-Dín
4	'Alai'd-Din	'Alai'd-Dín
1	'Alamu'd-Din	'Alamu'd-Dín
5	'Aliy-i	‘Alíy-i
2	'Aliy-i Bastami	‘Alíy-i Bastamí
1	'Aliy-i-	‘Alíy-i-
3	'Aliy-i-'Arab	‘Alíy-i-‘Arab
1	'Aliy-i-'Azim	‘Alíy-i-'Azim
3	'Aliy-i-Afnán	‘Alíy-i-Afnán
3	'Aliy-i-Arbab	‘Alíy-i-Arbab
14	'Aliy-i-Bastami	‘Alíy-i-Bastamí
1	'Aliy-i-Bastami_	‘Alíy-i-Bastamí_
1	'Aliy-i-Burujirdi	‘Alíy-i-Burújirdí
1	'Aliy-i-Hayiri	‘Alíy-i-Hayiri
1	'Aliy-i-Iṣfahání	‘Alíy-i-Iṣfahání
8	'Aliy-i-Kani	‘Alíy-i-Kani
1	'Aliy-i-Kirmani	‘Alíy-i-Kirmání
1	'Aliy-i-Kirmanshahi	‘Alíy-i-Kirmáns_háhí
1	'Aliy-i-Lash-Furush	‘Alíy-i-Lás-Furús_h
1	'Aliy-i-Malmiri	‘Alíy-i-Málmírí
1	'Aliy-i-Maraghi'i	‘Alíy-i-Marág_hi'í
5	'Aliy-i-Miri	‘Alíy-i-Mírí
1	'Aliy-i-Misri	‘Alíy-i-Misri
1	'Aliy-i-Mlri	‘Alíy-i-Mírí
1	'Aliy-i-Nayrizi	‘Alíy-i-Nayrízí
3	'Aliy-i-Nuri	‘Alíy-i-Núrí
1	'Aliy-i-Pishnamaz	‘Alíy-i-Pishnamaz
1	'Aliy-i-Sabzavari	‘Alíy-i-Sabzivárí
1	'Aliy-i-Sabzivari	‘Alíy-i-Sabzivárí
2	'Aliy-i-Sardar	‘Alíy-i-Sardár
11	'Aliy-i-Sayyah	‘Alíy-i-Sayyah
1	'Aliy-i-Sayyah, Muḥammad-Baqir-i-Qahvih-chi	‘Alíy-i-Sayyah, Muḥammad-Báqir-i-Qahvih-chi
1	'Aliy-i-Tabrizi	‘Alíy-i-Tabrízí
1	'Aliy-i-Tafrishi	‘Alíy-i-Tafrís_hí
1	'Aliy-i-Turshizi	‘Alíy-i-Turs_hízí
5	'Aliy-i-Yazdí	‘Alíy-i-Yazdí
1	'Aliy-i-Zunuzi	‘Alíy-i-Zunúzí
2	'Alláhu abha'	'Alláh-u-Abhá'
3	'Alláh–u–Abhá!'	'Alláh-u-Abhá!'
16	'Alláh–u–Abhá'	'Alláh-u-Abhá'
1	'Alláh–u–Abhá'--God	'Alláh-u-Abhá'--God
3	'Alláh–u–Abhá.'	'Alláh-u-Abhá.'
2	'Alá'	‘Alá’
1	'Alá'u'd-Dawlih	‘Alá’u'd-Dawlih
1	'Alíy-i	‘Alíy-i
1	'Alíy-i-Kaní	‘Alíy-i-Kaní
1	'Alíy-i-Kirmani	‘Alíy-i-Kirmání
1	'Alíy-i-Sabzivárí	‘Alíy-i-Sabzivárí
2	'Alíy-i-Sayyáh	‘Alíy-i-Sayyáh
14	'Arab	‘Arab
2	'Arab's	‘Arab's
4	'Arab-Baghi	‘Arab-Baghi
2	'Arab-i-K_hán	‘Arab-i-K_hán
7	'Asma	'Asmá’
8	'Asma'	'Asmá’
4	'Ata-Malik-i-Juvayni	'Ata-Malik-i-Juvayní
1	'Azali'	'Azalí'
5	'Azamat	‘Aẓamat
3	'Azim-i-Tafrishi	'Azim-i-Tafrís_hí
1	'BAGDADI	'BAG_HDÁDI
1	'BAHÁ’ÍST	'BAHAIST
2	'Bahá’ísm	'Bahaism
2	'Bahá’ísm	'Bahá'ism
1	'Bahá’ísm'	'Bahaism'
3	'Bahá’ísm'	'Bahá'ism'
1	'Bahá’ísm.'	'Bahaism.'
1	'Bahá’ísmus'	'Bahá'ísmus'
3	'INAYATU'LLAH	‘INÁYATU’LLÁH
1	'IS_HRÁQÁT	'ISHRÁQÁT
1	'Ibn-Abhár	'Ibn-Abhar
1	'Ibn-Abhár?'	'Ibn-Abhar?'
8	'Ilm	‘Ilm
1	'Ilm ad-Din	‘Ilm ad-Dín
1	'Ilm ad-Din_	‘Ilm ad-Dín_
2	'Ilm-i-Kelam	‘Ilm-i-Kelam
1	'Ilm-i-nujum	‘Ilm-i-nujum
1	'Ilm-i-rami	‘Ilm-i-rami
6	'Imadi'd-Din	'Imadi'd-Dín
11	'Imadu'd-Dawla	'Imadu'd-Dawlih
4	'Imadu'd-Din	'Imadu'd-Dín
1	'Isma'il	'Ismá’íl
6	'Izzi'd-Din	'Izzi'd-Dín
1	'Izzu'd-Dawla	'Izzu'd-Dawlih
4	'Izzu'd-Din	'Izzu'd-Dín
1	'Izzud-Dawla	'Izzud-Dawlih
1	'Jenab-i-Khadimu'llah'	'Jináb-i-Khadimu'llah'
1	'Jinab-i-K_hán	'Jináb-i-K_hán
1	'Jinab-i-Mu'allim'	'Jináb-i-Mu'allim'
1	'Jinab-i-Mujtahid	'Jináb-i-Mujtahid
1	'Jinab-i-Mullá	'Jináb-i-Mullá
1	'Jinab-i-Samandarí'	'Jináb-i-Samandarí'
1	'Jinab-i-Ḥájí	'Jináb-i-Ḥájí
1	'KHAN	'K_HÁN
1	'Las Furush'	'Lás-Furús_h'
9	'Muhajir	'Muḥájír
1	'Muhajir! Muhajir!'	'Muḥájír! Muḥájír!'
2	'Muhajir'	'Muḥájír'
1	'Muhajir-Inspired	'Muḥájír-Inspired
1	'Qayyum-i-Asma'	'Qayyum-i-Asmá’
1	'Rahmat	'Raḥmat
1	'Rahmat'	'Raḥmat'
1	'Rahmat'ullah	'Raḥmat'ullah
1	'S_hayk_hi	'S_hayk_hí
1	'S_hírázee'	'S_hírází'
1	'Sardar	'Sardár
1	'Seyyed	'Siyyid
1	'Shahinshah'	'S_háhins_háh'
1	'Uddatu'd-Dawla	'Uddatu'd-Dawlih
1	'Ulamay-i-Tabriz	'Ulamay-i-Tabríz
1	'Ulumi'd-Din_	'Ulumi'd-Dín_
1	'd-Din	'd-Dín
1	'd-Din-i-Afnán	'd-Dín-i-Afnán
1	'qahviyi-\lkhánigí	'qahviyi-k_hánigí
1	'un-Muhajir-like'! Rahmat	'un-Muḥájír-like'! Raḥmat
1	'Ḥasan-i-Mázindaráni'	'Ḥasan-i-Mázindarání'
1	--‘Azíz’u’lláh	--‘Azízu’lláh
1	-i-Haykalu'd-Din	-i-Haykalu'd-Dín
1	<em>ta\lkht-i-raván</em>	<em>tak_ht-i-raván</em>
7	ABU'L-FADL	ABU’L-FAḌL
1	ABU'L-FADL'S	ABU’L-FAḌL'S
1	ABU'L-QASIM	ABU’L-QÁSIM
1	ABU'L-QASIM AFNAN	ABU’L-QÁSIM AFNÁN
1	ABU'L-QASIM-I-FIRAHANI, QÁ’IM-MAQAM	ABU’L-QÁSIM-I-FIRAHANI, QÁ’IM-MÁQÁM
2	ABU’L	ABL
2	ABU’L-FADL	ABU’L-FAḌL
1	ABU’L-QASIM	ABU’L-QÁSIM
3	AFNAN	AFNÁN
1	AFNAN-I-KABIR	AFNÁN-I-KABIR
1	AGHSAN	AG_HṢÁN
1	AL-BAQARAH	AL-BÁQÁRAH
1	ALIY-I-SAYYAH	‘ALÍY-I-SAYYAH
1	ALLAH-VIRDI	ALLÁH-VIRDI
1	ALLAHO ABHÁ	ALLÁH-U-ABHÁ
2	ALLÁH–U–ABHÁ	ALLÁH-U-ABHÁ
1	AMITABHÁ	AMITABHA
1	AMÍR	AMIR
1	AMÍR-KIYA BAQA	AMIR-KIYA BÁQÁ
10	AQA	ÁQÁ
1	AQA KHAN-l-QÁ’IM-MAQAMI	ÁQÁ K_HÁN-l-QÁ’IM-MÁQÁMI
1	AQAY-I-KALIM	ÁQÁY-I-KALÍM
1	A\lshraf	As_hraf
2	Abdu1 Bahá	‘Abdu’l-Bahá
3	Abhándlung	Abhandlung
2	Abhándlungen	Abhandlungen
8	Abhár	Abhar
1	Abhár, Ibn-i-Abhár	Abhar, Ibn-i-Abhar
1	Abi-Tálib	Abi-Talib
1	Abmadu'd-Din	Abmadu'd-Dín
7	Abu'l-	Abu’l-
1	Abu'l- Qasim	Abu’l-Qásim
1	Abu'l-'Ala	Abu’l-'Ala
9	Abu'l-'As	Abu’l-'As
1	Abu'l-'Attar	Abu’l-'Attar
1	Abu'l-.Ḥasan-‘Alí	Abu’l-.Ḥasan-‘Alí
9	Abu'l-‘Abbás	Abu’l-‘Abbás
1	Abu'l-Ḥasan	Abu’l-Ḥasan
1	Abu-'Abdi'llah	Abú-'Abdi'llah
1	Abu-'Afak	Abú-'Afak
8	Abu-'Amir	Abú-'Amir
1	Abu-'As	Abú-'As
2	Abu-'Ikrimah	Abú-'Ikrimah
19	Abu-'Ubaydah	Abú-'Ubaydah
15	Abu-Sa'id	Abu-Sa‘íd
1	Abu-Sa'id's	Abu-Sa‘íd's
2	Abu-‘Abdu’lláh	Abú-‘Abdu’lláh
11	Abu-‘Alí	Abú-‘Alí
10	Abu’l	Abul
1	Abu’l Gasim	Abu’l-Qásim
1	Abu’l'-Ḥasan	Abul'-Ḥasan
1	Abu’l'i-Qasim	Abul'i-Qasim
1	Abu’l-Faḍl	Abl Faḍl
2	Abu’l-Faḍl	Abul
1	Abu’l-Faḍl's	Abul
2	Abu’l-Faḍle	Abul Faḍle
2	Abu’l-Qásim	Abul
1	Abu’l_Faḍl	Abu’l_Fadl
1	Abú'l-Ḥasan	Abu’l-Ḥasan
228	Abú’l-Qásim	Abu’l-Qásim
1	Abú’l-Qásim	Muḥájír
1	Abú’l-Qásim Kás_háni	Abu’l-Qásim Kás_hání
1	Abú’l-Qásim \lK_hán	Abu’l-Qásim K_hán
1	Abú’l-Qásim's	Abu’l-Qásim's
1	Abú’l-Qásim-i-Bayed	Abu’l-Qásim-i-Bayed
1	Abú’l-Qásim-i-Farahani	Abu’l-Qásim-i-Farahani
1	Abú’l-Qásim-i-Hamadam	Abu’l-Qásim-i-Hamadam
8	Abú’l-Qásim-i-Hamadani	Abu’l-Qásim-i-Hamadani
1	Abú’l-Qásim-i-Hamandini	Abu’l-Qásim-i-Hamandini
2	Abú’l-Qásim-i-Iṣfahání	Abu’l-Qásim-i-Iṣfahání
1	Abú’l-Qásim-i-K_hurasání	Abu’l-Qásim-i-K_hurasání
1	Abú’l-Qásim-i-Kashi	Abu’l-Qásim-i-Kashí
1	Abú’l-Qásim-i-Kashi Abú’l-Qásim-i-Ká_sh_í	Abu’l-Qásim-i-Kashí Abu’l-Qásim-i-Ká_sh_í
2	Abú’l-Qásim-i-Khammar	Abu’l-Qásim-i-Khammar
1	Abú’l-Qásim-i-Kás_háni	Abu’l-Qásim-i-Kás_hání
1	Abú’l-Qásim-i-Marnani	Abu’l-Qásim-i-Marnani
1	Abú’l-Qásim-i-Marnuni	Abu’l-Qásim-i-Marnuni
1	Abú’l-Qásim-i-Nazir	Abu’l-Qásim-i-Nazir
4	Abú’l-Qásim-i-S_hírází	Abu’l-Qásim-i-S_hírází
2	Abú’l-Qásim-i-Sulṭán	Abu’l-Qásim-i-Sulṭán
2	Abú’l-Qásim-i-Zanjani	Abu’l-Qásim-i-Zanjani
1	Abú’l-Qásim?'	Abu’l-Qásim?'
1	Ad_hirbáyján-Tabriz	Ad_hirbáyján-Tabríz
1	Al-Bayánu'l-'Arabi	Al-Bayanu'l-'Arabi
2	Aliy-i-Afnán	‘Alíy-i-Afnán
1	Aliy-i-Bastami	‘Alíy-i-Bastamí
2	Aliy-i-Kirmanshahi	‘Alíy-i-Kirmáns_háhí
1	Aliy-i-Las Furush	‘Alíy-i-Lás-Furús_h
1	Aliy-i-Las-Furush.[1]He	‘Alíy-i-Lás-Furús_h.[1]He
1	Aliy-i-Nuri	‘Alíy-i-Núrí
1	Aliy-i-Razi	‘Alíy-i-Razi
5	Aliy-i-Sayyah	‘Alíy-i-Sayyah
1	Aliy-i-Sayyah, Muḥammad-Baqir-i-Qahvih-chi	‘Alíy-i-Sayyah, Muḥammad-Báqir-i-Qahvih-chi
2	Aliy-i-Tabrizi	‘Alíy-i-Tabrízí
2	Aliy-i-Yazdí	‘Alíy-i-Yazdí
2	Alláh-u Abhá	Alláh-u-Abhá
2	Alláh-u'Abhá	Alláh-u-Abhá
1	Alláh-ul-Mustaghath'	Alláh-ul-Mustag_hát_h'
1	Alláha	Allaha
23	Alláhabad	Allahabad
6	Alláho Abhá	Alláh-u-Abhá
1	Alláho Abhá!'	Alláh-u-Abhá!'
1	Alláho'	Allaho'
5	Alláho’Abhá	Alláh-u-Abhá
9	Alláhu	Allahu
2	Alláhu Abhá	Alláh-u-Abhá
1	Alláhu abha.[F1]"'	Alláh-u-Abhá.[F1]"'
1	Alláhu'l-Mustaghath?'	Allahu'l-Mustag_hát_h?'
1	Alláhumma	Allahumma
88	Alláh–u–Abhá	Alláh-u-Abhá
1	Alláh–u–Abhá".'	Alláh-u-Abhá".'
2	Alláh–u–Abhá'	Alláh-u-Abhá'
1	Alláh–u–Abhá, Alláh–u–Abhá, Alláh–u–Abhá	Alláh-u-Abhá, Alláh-u-Abhá, Alláh-u-Abhá
1	Alláh–u–Abhá,"which	Alláh-u-Abhá,"which
1	Alláh–u–Abhá.--How	Alláh-u-Abhá.--How
3	Aminu'd-Dawla	Aminu'd-Dawlih
1	Asadu’lláh-i-Kás_háni	Asadu’lláh-i-Kás_hání
2	Asadu’lláh-i-Ras_hti	Asadu’lláh-i-Ras_htí
5	Asafu'd-Dawla	Asafu'd-Dawlih
2	Asma	Asmá’
18	Asma'	Asmá’
1	Asma'u'l-Husna	Asmá’'u'l-Husna
2	Asma,'	Asmá’,'
2	Asmá	Asmá’
1	Asmá'	Asmá’
1	Asmá'u'l-.Husná	Asmá’'u'l-.Husná
1	Avicenna--Abu-‘Alí	Avicenna--Abú-‘Alí
53	Azali	Azalí
1	Azali's	Azalí's
1	Azali, Isma'il-i-Sabbagh	Azalí, Ismá’íl-i-Sabbagh
1	Azalies	Azalíes
1	Azalil	Azalíl
2	Azamat	‘Aẓamat
1	Aḥmad-i-Ibdal-i-Maraghi'i_	Aḥmad-i-Ibdal-i-Marág_hi'í_
2	Aḥmad-i-Kirmani	Aḥmad-i-Kirmání
4	Aḥmad-i-Kás_háni	Aḥmad-i-Kás_hání
1	Aḥmadu'd-Din	Aḥmadu'd-Dín
1	Aḥvál-i-\lShumá	Aḥvál-i-S_humá
6	BAGHDAD	BAG_HDÁD
16	BAHJI	BAHJÍ
2	BAHÁ’U’LLÁHS	BAHAULLAHS
1	BAHÁ’U’LLÁHS	BAHÁ'U'LLAHS
1	BAHÁ’ÍES	BAHAIES
1	BAHÁ’ÍES	BAHÁ'ÍES
1	BAHÁ’ÍRAT	BAHÁ'IRAT
1	BAHÁ’ÍSIS	BAHAISIS
1	BAHÁ’ÍSM	BAHAISM
1	BAHÁ’ÍSM--A	BAHAISM--A
3	BAHÁ’ÍST	BAHAIST
1	BAHÁ’ÍSTS	BAHAISTS
1	BAHÁ’ÍYYIH	BAHÁ'IYYIH
4	BANANI	BANÁNÍ
1	BAQIR KASHANI	BÁQIR KÁS_HÁNÍ
4	BAYAN	BAYÁN
4	BEGAN	BÍQÁN
1	BURHANI'D-DIN	BURHANI'D-DÍN
1	BYJALALU’D-DIN	BYJALALU’D-DÍN
51	Ba\lghdád	Bag_hdád
1	Babism-Bahá’ísm	Babism-Bahá'ism
2	Babu'd-Din	Babu'd-Dín
2	Babísm	Bábísm
4	Babísm_	Bábísm_
1	Babíyyih	Bábíyyih
1	Babúya	Bábúya
1	Badi‘s	Badis
3	Badri'd-Din	Badri'd-Dín
4	Badru'd-Din	Badru'd-Dín
1	Badru'd-Din-i-Ghazzi	Badru'd-Dín-i-Ghazzi
1	Badru’d-Din	Badru’d-Dín
77	Bag_hdádí	Bag_hdádi
1	Bag_hdádí.'	Bag_hdádi.'
2	Bag_hdádís	Bag_hdádis
3	Bahjíh	Bahjeh
1	Bahjíh	Behjeh
1	Bahjísu	Bajisu
1	Bahjít	Behjet
3	Bahjítabad	Behjetabad
1	Bahráms	Bahrams
1	Bahá 'Ulláh	Bahá’u’lláh
2	Bahá Ullah	Bahá’u’lláh
6	Bahá'i	Bahá’í
8	Bahá'is	Bahá’ís
6	Bahá'u'd-Dawla	Bahá'u'd-Dawlih
7	Bahá'u'd-Din	Bahá'u'd-Dín
18	Bahá'u'llah	Bahá’u’lláh
2	Bahá'u'llah's	Bahá’u’lláh's
2	Bahá'ullah	Bahá’u’lláh
2	Bahá'ullah's	Bahá’u’lláh's
1	Bahá-ullah	Bahá’u’lláh
1	BaháT'	BahaT'
3	Bahás	Bahas
2	Bahá’Ullah	Bahá’u’lláh
1	Bahá’Ullah--was	Bahá’u’lláh--was
1	Bahá’u’lláhh_	Bahá'u'llahh_
5	Bahá’u’lláhs	Bahá'u'llahs
1	Bahá’u’lláhs	Bahá'u'lláhs
6	Bahá’u’lláhs'	Bahá'u'llahs'
4	Bahá’u’lláhs'	Bahá'u'lláhs'
1	Bahá’u’lláhs's	Bahá'u'llahs's
4	Bahá’u’lláhs_	Bahá'u'llahs_
2	Bahá’u’lláhs_	Bahá'u'lláhs_
1	Bahá’u’lláhsi	Bahá'u'llahsi
1	Bahá’u’lláhst	Bahá'u'llahst
2	Bahá’u’lláhu'l-Abhá	Bahá'u'llahu'l-Abhá
1	Bahá’í--Rahmat	Bahá’í--Raḥmat
1	Bahá’íCenter	Bahá'iCenter
1	Bahá’íEpistemology'	Bahá'íEpistemology'
1	Bahá’íFeast	Bahá'iFeast
1	Bahá’íHistory	Bahá'íHistory
2	Bahá’íMessage	Bahá'iMessage
3	Bahá’íS	Bahá'iS
3	Bahá’íe	Bahaie
1	Bahá’íe	Bahá'ie
9	Bahá’íe	Bahá'íe
2	Bahá’íe_	Bahá'ie_
3	Bahá’íe_	Bahá'íe_
13	Bahá’íes	Bahá'ies
5	Bahá’íes	Bahá'íes
2	Bahá’íi	Bahá'ii
1	Bahá’íl	Bahá'il
1	Bahá’íng	Bahá'ing
1	Bahá’ísister	Bahá'isister
85	Bahá’ísm	Bahaism
70	Bahá’ísm	Bahá'ism
5	Bahá’ísm	Bahá'ísm
6	Bahá’ísm'	Bahaism'
2	Bahá’ísm'	Bahá'ísm'
1	Bahá’ísm' (_Bahá’ísmus_	Bahá'ism' (_Bahá'ismus_
1	Bahá’ísm, Bahá’íst	Bahaism, Bahaist
1	Bahá’ísm--History--20th	Bahaism--History--20th
2	Bahá’ísm_	Bahaism_
2	Bahá’ísme_	Bahaisme_
9	Bahá’ísmo	Bahaismo
2	Bahá’ísmus	Bahá'ismus
3	Bahá’ísmus	Bahá'ísmus
2	Bahá’ísmus--Religion	Bahá'ismus--Religion
5	Bahá’ísmus-Monographie	Bahá'ismus-Monographie
2	Bahá’ísm·	Bahá'ism·
21	Bahá’íst	Bahaist
2	Bahá’íst	Bahá'ist
16	Bahá’ísts	Bahaists
3	Bahá’ísts	Bahá'ists
2	Bahá’íte	Bahaite
1	Bahá’íteachings	Bahá'iteachings
2	Bahá’ítes	Bahaites
4	Bahá’ítum	Bahá'itum
2	Bahá’ítum	Bahá'ítum
1	Bahá’ítum._	Bahá'ítum._
3	Bahá’ítum_	Bahá'itum_
1	Bahá’ítum_	Bahá'ítum_
1	Bahá’íu'llah's	Bahá'iu'llah's
1	Bahá’íyouth	Bahá'iyouth
3	Bahá’íyyeh	Bahá'iyyeh
19	Bahá’íyyih	Bahá'iyyih
20	Bahá’íyyih	Bahá'íyyih
1	Banu-Bahjílah	Banu-Bajilah
1	Banu-Sa'idah	Banu-Sa‘ídah
192	Baqir	Báqir
2	Baqir Sabzivari	Báqir Sabzivárí
1	Baqir'	Báqir'
8	Baqir's	Báqir's
1	Baqir-Abad	Báqir-Abad
1	Baqir-i-Majlisi.[4]He	Báqir-i-Majlisi.[4]He
6	Baqir-i-S_hírází	Báqir-i-S_hírází
3	Baqir-i-Tabrizi	Báqir-i-Tabrízí
1	Baqir-i-Tabrizi_	Báqir-i-Tabrízí_
1	Baqir-i-Talib	Báqir-i-Talib
13	Baqir_	Báqir_
19	Bastami	Bastamí
4	Bastami's	Bastamí's
1	Bayánda	Bayanda
1	Bayánic	Bayanic
2	Bayánis	Bayanis
2	Bayániyya	Bayaniyya
2	Bayáns	Bayans
1	Bayáns	Beyens
1	Bayánu'l-'Arabi	Bayanu'l-'Arabi
1	Bibi-Shahr-Banu	Bibi-Shahr-Bánú
3	Burhani'd-Din	Burhani'd-Dín
21	Burujird	Burújird
30	Burujirdi	Burújirdí
1	Burujirdi Tabrizi	Burújirdí Tabrízí
6	Burujirdi's	Burújirdí's
8	Bushru'i	Bus_hrú'í
3	Bushrú'í	Bus_hrú'í
7	Buzurg-i-Nuri	Buzurg-i-Núrí
1	BÁBS	BABS
3	Báb-ed-Din	Báb-ed-Dín
11	Bábs	Babs
4	Bábí-Bahá'i	Bábí-Bahá’í
4	Bábí-Bahá'i_	Bábí-Bahá’í_
1	Báqir-i-Tabíb-i-_S_hírází	Báqir-i-Tabíb-i-_Shírází
1	Bú\lshihr	Bús_hihr
1	CHIMBALÁQÁ	CHIMBALAGA
1	Cause--Rahmat	Cause--Raḥmat
2	Daru'l-'Ilm	Daru'l-‘Ilm
1	Derwaze-i-Mashhad	Derwaze-i-Mas_hhad
8	Diya'u'd-Din	Diya'u'd-Dín
2	Diya'u'l-Ḥájíyyih	Diya'u'l-Hajiyyih
1	Diyau'l-Ḥájíyyih	Diyau'l-Hajiyyih
1	El-Mustagath	El-Mustag_hát_h
2	El-Mustagáth	El-Mustag_hát_h
1	ElAbhá	ElAbha
3	FADIL-I-MAZINDARANI	FAḌIL-I-MÁZINDARÁNÍ
1	FADIL-I-YAZDÍ	FAḌIL-I-YAZDÍ
1	FADIL-i-MAZINDARANI	FAḌIL-i-MÁZINDARÁNÍ
1	FADIL-l-MAZINDARANI	FAḌIL-l-MÁZINDARÁNÍ
1	FILM	F‘ILM
6	FURUTAN	FURÚTAN
4	Fakhru'd-Din	Fakhru'd-Dín
1	Faraju'llah-i-Tafrishi	Faraju'llah-i-Tafrís_hí
1	Farajullah-i-Tafrishi	Farajullah-i-Tafrís_hí
6	Faridi'd-Din-i-'Attar	Faridi'd-Dín-i-'Attar
9	Faridu'd-Din	Faridu'd-Dín
1	Faridu'd-Din-i-'Attar	Faridu'd-Dín-i-'Attar
4	Fayd-i-Kás_háni	Fayd-i-Kás_hání
2	Fayd-i-Kás_háni's	Fayd-i-Kás_hání's
20	Faḍil-i-Mázindaráni	Faḍil-i-Mázindarání
1	Faḍil-i-Mázindaráni--a	Faḍil-i-Mázindarání--a
3	Faḍil-i-Qa'ini	Faḍil-i-Qá'iní
2	Faḍil-i-Ṭihráni	Faḍil-i-Ṭihrání
1	Faḍl-i-Qa'ini	Faḍl-i-Qá'iní
1	Faḍlu'llah-i-Nuri	Faḍlu'llah-i-Núrí
1	Fárábís	Farabis
1	GHAYB-I-BAQA	GHAYB-I-BÁQÁ
4	Ghaziyu'd-Din	Ghaziyu'd-Dín
1	Ghiyathi'd-Din	Ghiyathi'd-Dín
1	Ghiyathu'd-Din	Ghiyathu'd-Dín
1	GÍQÁNGORO	GIKANGORO
1	HADI	HÁDÍ
2	HAFIZ	ḤÁFIẒ
3	HAKIM	ḤAKÍM
1	HAKIMAN	ḤAKÍMAN
2	HAYDAR ‘ALÍ	ḤAYDAR-‘ALÍ
6	HAYDAR-‘ALÍ	ḤAYDAR-‘ALÍ
1	HAZIRA	ḤAẒÍRA
4	HAZIRATU'L-QUDS	ḤAẒÍRATU’L-QUDS
1	HOSSAIN	ḤUSAYN
1	HUSSEIN	ḤUSAYN
2	Habib-i-Maraghi'i	Habib-i-Marág_hi'í
1	HabibAlláh	HabibAllah
1	Hashrim-i-Kás_háni	Hashrim-i-Kás_hání
1	Hayadar-'Aliy-i-Usku'i	Hayadar-‘Alíy-i-Usku'i
1	Haydar ‘Alí	Ḥaydar-‘Alí
4	Hirzu'd-Din	Hirzu'd-Dín
1	Hisamu'd-Dawla	Hisamu'd-Dawlih
1	Hádíy-i-Sabzavari	Hádíy-i-Sabzivárí
1	IBN-I-ABHÁR	IBN-I-ABHAR
1	IMAM	IMÁM
1	IMAMATE	IMÁMATE
4	IMAMS	IMÁMS
1	ISMA'IL	ISMÁ’ÍL
1	ISMA'IL-I-KASHANI	ISMÁ’ÍL-I-KÁS_HÁNÍ
1	IS_HRÁQÁT	ISHRÁQÁT
1	Ibn-i-.Ḥájíb	Ibn-i-.Hájib
78	Ibn-i-Abhár	Ibn-i-Abhar
1	Ibn-i-Abhár's	Ibn-i-Abhar's
1	Ibn-i-Ḥájíb	Ibn-i-Hajib
1	Ibn-i-Ḥájíb	Ibn-i-Hajíb
1	Ibni-Abhár	Ibni-Abhar
3	Ibrahim-i-Abhári	Ibrahim-i-Abhari
1	Ibrahim-i-Kashi	Ibrahim-i-Kashí
1	Ibrahim-i-Kás_háni	Ibrahim-i-Kás_hání
1	Ibrahim-i-Sabzivari	Ibrahim-i-Sabzivárí
1	Ibráhím-i-Abhárí	Ibráhím-i-Abharí
3	Ihtishamu'd-Dawla	Ihtishamu'd-Dawlih
1	Ilaha'l-Mustaghath'	Ilaha'l-Mustag_hát_h'
1	Ilm	‘Ilm
267	Isma'il	Ismá’íl
1	Isma'il'	Ismá’íl'
19	Isma'il's	Ismá’íl's
1	Isma'il--'that	Ismá’íl--'that
1	Isma'il-i-Azghandi	Ismá’íl-i-Azghandi
3	Isma'il-i-Dhabih	Ismá’íl-i-Dhabih
1	Isma'il-i-Kás_háni	Ismá’íl-i-Kás_hání
3	Isma'il-i-Qumi	Ismá’íl-i-Qumi
2	Isma'il-i-Sabbagh-i-Sidihi	Ismá’íl-i-Sabbagh-i-Sidihi
1	Isma'il-i-Safavi	Ismá’íl-i-Safavi
3	Isma'il-i-Vazir	Ismá’íl-i-Vazir
3	Isma'il-i-Zavari'i	Ismá’íl-i-Zavari'i
2	Isma'il-Áqá	Ismá’íl-Áqá
1	Isma'ili-S_hayk_hi	Isma'ili-S_hayk_hí
1	Isma'íl	Ismá’íl
32	Ismail	Ismá’íl
2	Ismail, Turshizi	Ismá’íl, Turs_hízí
1	Ismail.'	Ismá’íl.'
1	Isma‘il	Ismá’íl
5	Isma’il	Ismá’íl
1	Isma’il Khan-i	Ismá’íl K_hán-i
1	Ismá'il	Ismá’íl
1	Ismá'il-i-Vazír	Ismá’íl-i-Vazír
17	Ismá'íl	Ismá’íl
1	Ismá'íl'	Ismá’íl'
1	Ismá‘il	Ismá’íl
6	Ismá‘íl	Ismá’íl
1	Iṣfahání	Esfahani
2	Iṣfahání	Esphahani
5	JALAL	JALÁL
1	JALAL HAKIMAN	JALÁL ḤAKÍMAN
2	JALALIYYIH	JALÁLIYYIH
1	JAMAL	JAMÁL
1	JULFA	JULFÁ
1	Ja'far-i-Kirmani	Ja'far-i-Kirmání
6	Ja'far-i-Tabrizi	Ja'far-i-Tabrízí
1	Jafar-i-Tabrizi	Jafar-i-Tabrízí
1	Jaffar-i-Tabrizi	Jaffar-i-Tabrízí
1	Jalála'd-Din	Jalálu'd-Dín
12	Jaláli'd-Din	Jalálu'd-Dín
1	Jaláli'd-Din's	Jalálu'd-Dín's
8	Jaláli'd-Din-i-Rumi	Jalálu'd-Dín-i-Rumi
1	Jaláli'd-Din-i-Rumi's	Jalálu'd-Dín-i-Rumi's
2	Jaláli'd-Dín-i-Rúmí	Jalálu'd-Dín-i-Rúmí
1	Jalálu'd Din	Jalálu'd-Dín
7	Jalálu'd-Dawla	Jalálu'd-Dawlih
40	Jalálu'd-Din	Jalálu'd-Dín
1	Jalálu'd-Din-i-Mankubarni	Jalálu'd-Dín-i-Mankubarni
2	Jalálu'd-Din-i-Rumi	Jalálu'd-Dín-i-Rumi
1	Jalálu‘d-Dín	Jalálu'd-Dín
1	Jam\lshíd	Jams_híd
1	Jamál-i-Burujird	Jamál-i-Burújird
59	Jamál-i-Burujirdi	Jamál-i-Burújirdí
1	Jamál-i-Burujirdi--a	Jamál-i-Burújirdí--a
1	Jamál-i-Burujirdi_	Jamál-i-Burújirdí_
1	Jamáli'd-Din	Jamáli'd-Dín
1	Jamáli'd-Din'	Jamáli'd-Dín'
1	Jamáli'd-Din-i-Afghani	Jamáli'd-Dín-i-Afghani
65	Jamálu'd-Din	Jamálu'd-Dín
1	Jamálu'd-Din Abu'l-‘Abbás	Jamálu'd-Dín Abu’l-‘Abbás
3	Jamálu'd-Din's	Jamálu'd-Dín's
8	Jamálu'd-Din-i-Afghani	Jamálu'd-Dín-i-Afghani
1	Jamálu'd-Din-i-Afghani--(see	Jamálu'd-Dín-i-Afghani--(see
2	Jamálu'd-Din-i-Asadabadi	Jamálu'd-Dín-i-Asadabadi
1	Jamálu'l-'Ilm	Jamálu'l-‘Ilm
1	Jamálu’d-Din	Jamálu’d-Dín
1	Ja‘far-i-Ka\lshafí	Ja‘far-i-Kas_hafí
1	Jemalu'd-Din	Jemalu'd-Dín
4	Jenab	Jináb
1	Jenab-i-	Jináb-i-
1	Jenab-i-Bahá.'	Jináb-i-Bahá.'
1	Jenab-i-Khadimu'llah	Jináb-i-Khadimu'llah
1	Jenab-i-Kuddus	Jináb-i-Kuddus
2	Jenab-i-Maryam	Jináb-i-Maryam
1	Jenab-i-Sahib	Jináb-i-Sahib
4	Jinab	Jináb
1	Jinab-	Jináb-
1	Jinab-Kalim_157_	Jináb-Kalim_157_
1	Jinab-e-Siyyid	Jináb-e-Siyyid
13	Jinab-i	Jináb-i
1	Jinab-i-	Jináb-i-
1	Jinab-i-'Adilih	Jináb-i-'Adilih
4	Jinab-i-Adib	Jináb-i-Adib
12	Jinab-i-Afnán	Jináb-i-Afnán
1	Jinab-i-Afnán's	Jináb-i-Afnán's
1	Jinab-i-Avarih	Jináb-i-Avarih
3	Jinab-i-Babu'l-Báb	Jináb-i-Babu'l-Báb
9	Jinab-i-Bahá	Jináb-i-Bahá
1	Jinab-i-Banání	Jináb-i-Banání
1	Jinab-i-Bashari	Jináb-i-Bashari
1	Jinab-i-Dhabih	Jináb-i-Dhabih
2	Jinab-i-Dihqan	Jináb-i-Dihqan
1	Jinab-i-Faizi	Jináb-i-Faizi
1	Jinab-i-Fath-i-A'zam	Jináb-i-Fath-i-A'zam
5	Jinab-i-Faḍil	Jináb-i-Faḍil
1	Jinab-i-Faḍil Mázindaráni	Jináb-i-Faḍil Mázindarání
1	Jinab-i-Faḍil-i-Mazindarini	Jináb-i-Faḍil-i-Mazindarini
2	Jinab-i-Faḍil-i-Mázindaráni	Jináb-i-Faḍil-i-Mázindarání
1	Jinab-i-Furghi	Jináb-i-Furghi
1	Jinab-i-Furghi's	Jináb-i-Furghi's
3	Jinab-i-Furughi	Jináb-i-Furughi
1	Jinab-i-Ghulam	Jináb-i-Ghulam
2	Jinab-i-Ibn-i-Abhár	Jináb-i-Ibn-i-Abhar
2	Jinab-i-Ibn-i-Asdaq	Jináb-i-Ibn-i-Asdaq
1	Jinab-i-Ismu'llah	Jináb-i-Ismu'llah
27	Jinab-i-K_hán	Jináb-i-K_hán
1	Jinab-i-K_hán's	Jináb-i-K_hán's
1	Jinab-i-K_hán.'	Jináb-i-K_hán.'
8	Jinab-i-Kalim	Jináb-i-Kalim
1	Jinab-i-Majd	Jináb-i-Majd
2	Jinab-i-Mu'allim	Jináb-i-Mu'allim
1	Jinab-i-Muballigh	Jináb-i-Muballigh
3	Jinab-i-Mullá	Jináb-i-Mullá
13	Jinab-i-Munib	Jináb-i-Munib
1	Jinab-i-Munib's	Jináb-i-Munib's
5	Jinab-i-Munír	Jináb-i-Munír
1	Jinab-i-Mutahharih	Jináb-i-Mutahharih
2	Jinab-i-Muḥammad	Jináb-i-Muḥammad
5	Jinab-i-Mírzá	Jináb-i-Mírzá
2	Jinab-i-Nabíl	Jináb-i-Nabíl
2	Jinab-i-Nayib	Jináb-i-Nayib
1	Jinab-i-Nuru'd-Din-Zayn's	Jináb-i-Nuru'd-Dín-Zayn's
1	Jinab-i-Nuru'd-Din-i-Zayn	Jináb-i-Nuru'd-Dín-i-Zayn
1	Jinab-i-Quddús	Jináb-i-Quddús
1	Jinab-i-Rafi'a	Jináb-i-Rafi'a
2	Jinab-i-Samandar	Jináb-i-Samandar
2	Jinab-i-Samandarí	Jináb-i-Samandarí
1	Jinab-i-Siyyid	Jináb-i-Siyyid
1	Jinab-i-Ustad	Jináb-i-Ustad
1	Jinab-i-Vakíl	Jináb-i-Vakíl
1	Jinab-i-Valiyu'llah	Jináb-i-Valiyu'llah
7	Jinab-i-Varqá	Jináb-i-Varqá
4	Jinab-i-Vazir	Jináb-i-Vazir
1	Jinab-i-Yamamoto	Jináb-i-Yamamoto
1	Jinab-i-Yamamoto's	Jináb-i-Yamamoto's
15	Jinab-i-Zayn	Jináb-i-Zayn
2	Jinab-i-Zaynu’l-Muqarrabín	Jináb-i-Zaynu’l-Muqarrabín
1	Jinab-i-ibn-i-Abhár	Jináb-i-ibn-i-Abhar
3	Jinab-i-Áqá	Jináb-i-Áqá
1	Jinab-i-Ḥusayn	Jináb-i-Ḥusayn
3	Jinab-i-Ṭáhirih	Jináb-i-Ṭáhirih
2	Jinab-i-Ḥájí	Jináb-i-Ḥájí
52	Julfa	Julfá
1	Juvayni	Juvayní
1	KAM‘ALÍ'D-DIN	KAM‘ALÍ'D-DÍN
7	KHAN	K_HÁN
1	KHAN-I-'AVAMID	K_HÁN-I-‘AVÁMID
1	KHAN-I-BALUCH	K_HÁN-I-BALUCH
2	KHAN-I-SHAVIRDI	K_HÁN-I-S_HAVIRDÍ
5	KHURASAN	K_HURASÁN
1	KHURASAN KASHAN	K_HURASÁN KÁS_HÁN
1	KIRMANI	KIRMÁNÍ
1	K_hayyáms	Khayyams
1	K_hurasán/Sistan--Mashhad	K_hurasán/Sistan--Mas_hhad
2	K_hurasánís	Khurasanis
1	K_hurasánís'	Khurasanis'
2	K_hán-i-'Avamid	K_hán-i-‘Avámid
2	Kamál-ud-Din	Kamál-ud-Dín
1	Kamáli'd-Din	Kamáli'd-Dín
16	Kamálu'd-Din	Kamálu'd-Dín
1	Kamálu'd-Din-Naraqi	Kamálu'd-Dín-Naraqi
2	Kamálu'd-Din-i-Naraqi	Kamálu'd-Dín-i-Naraqi
3	Kamálu’d-Din	Kamálu’d-Dín
1	Kar\lkh	Kark_h
1	Karim-i-Ṭihráni	Karim-i-Ṭihrání
10	Kashi	Kashí
1	Kashi'	Kashí'
1	Kay-\lK_husraw	Kay-K_husraw
8	Kermani	Kirmání
1	Kermani's	Kirmání's
18	Kermanshah	Kirmáns_háh
2	Kermanshah'	Kirmáns_háh'
1	Key-K_husraws	Key-Khusraws
1	Khabiru'd-Din	Khabiru'd-Dín
1	Khalil-i-Kás_háni	Khalil-i-Kás_hání
1	Khalil-i-Tabrizi	Khalil-i-Tabrízí
1	Khan--	K_hán--
1	Khan--Come--‘Abbás	K_hán--Come--‘Abbás
1	Khan--absent	K_hán--absent
1	Khan--and	K_hán--and
1	Khan--but	K_hán--but
1	Khan--letters	K_hán--letters
1	Khan--may	K_hán--may
1	Khan--thank	K_hán--thank
1	Khan--the	K_hán--the
1	Khan--was	K_hán--was
1	Khan--young	K_hán--young
3	Khan-Atash	K_hán-Atash
1	Khan-Baba-K_hán	K_hán-Baba-K_hán
1	Khan-Baligh--the	K_hán-Baligh--the
1	Khan-Khanan	K_hán-Khanan
1	Khan-Mac	K_hán-Mac
3	Khan-i	K_hán-i
1	Khan-i-	K_hán-i-
25	Khan-i-'Arab	K_hán-i-‘Arab
10	Khan-i-'Avamid	K_hán-i-‘Avámid
1	Khan-i-Afghan	K_hán-i-Afghan
11	Khan-i-Afrukhtih	K_hán-i-Afrukhtih
3	Khan-i-Afshar	K_hán-i-Afshar
1	Khan-i-Amir	K_hán-i-Amir
1	Khan-i-Baluch	K_hán-i-Baluch
1	Khan-i-Balyuz--and	K_hán-i-Balyuz--and
1	Khan-i-Chapar	K_hán-i-Chapar
2	Khan-i-Darughih	K_hán-i-Darughih
1	Khan-i-Durrani	K_hán-i-Durrani
1	Khan-i-Farahani	K_hán-i-Farahani
2	Khan-i-Farrash-Bashi	K_hán-i-Farrash-Bashi
1	Khan-i-Fathabadi	K_hán-i-Fathabadi
1	Khan-i-Furughi	K_hán-i-Furughi
1	Khan-i-Garrasi	K_hán-i-Garrasi
1	Khan-i-Garrusi	K_hán-i-Garrusi
1	Khan-i-Ghaffari	K_hán-i-Ghaffari
1	Khan-i-Giranmayih	K_hán-i-Giranmayih
1	Khan-i-Gurji	K_hán-i-Gurji
2	Khan-i-Hidayat	K_hán-i-Hidayat
1	Khan-i-Ilbagi	K_hán-i-Ilbagi
3	Khan-i-Iravani	K_hán-i-Iravani
3	Khan-i-Irvani	K_hán-i-Irvani
1	Khan-i-Javanshir	K_hán-i-Javanshir
1	Khan-i-Jurayni	K_hán-i-Jurayni
3	Khan-i-Kalantar	K_hán-i-Kalantar
1	Khan-i-Khamsih	K_hán-i-Khamsih
3	Khan-i-Khu'i	K_hán-i-Khu'i
1	Khan-i-Khurre	K_hán-i-Khurre
2	Khan-i-Kirgan	K_hán-i-Kirgan
26	Khan-i-Kirmani	K_hán-i-Kirmání
1	Khan-i-Kirmani's	K_hán-i-Kirmání's
1	Khan-i-Kurdistani	K_hán-i-Kurdistani
6	Khan-i-Larijani	K_hán-i-Larijani
1	Khan-i-Mahallati	K_hán-i-Mahallati
1	Khan-i-Milani	K_hán-i-Milani
1	Khan-i-Mrukhtih	K_hán-i-Mrukhtih
3	Khan-i-Mukri	K_hán-i-Mukri
1	Khan-i-Mukri, Sardar-i-Kull	K_hán-i-Mukri, Sardár-i-Kull
1	Khan-i-Mustawfi	K_hán-i-Mustawfi
10	Khan-i-Navváb	K_hán-i-Navváb
1	Khan-i-Nu'ri	K_hán-i-Nu'ri
19	Khan-i-Nuri	K_hán-i-Núrí
7	Khan-i-Núrí	K_hán-i-Núrí
2	Khan-i-Qarachih-Daghi	K_hán-i-Qarachih-Daghi
1	Khan-i-Qaraguzlu	K_hán-i-Qaraguzlu
1	Khan-i-Qashqa'i	K_hán-i-Qashqa'i
14	Khan-i-Qazvini	K_hán-i-Qazvini
2	Khan-i-Qájár	K_hán-i-Qájár
1	Khan-i-Qájár-i-Quyunlu	K_hán-i-Qájár-i-Quyunlu
1	Khan-i-Qá’im-Maqami	K_hán-i-Qá’im-Maqami
4	Khan-i-Sadar	K_hán-i-Sadar
7	Khan-i-Sardar	K_hán-i-Sardár
3	Khan-i-Sarraf	K_hán-i-Sarraf
1	Khan-i-Sartip	K_hán-i-Sartip
1	Khan-i-Sarvistani, Mashhadi Abú’l-Qásim-i-Kharraz	K_hán-i-Sarvistani, Mas_hhadí Abu’l-Qásim-i-Kharraz
4	Khan-i-Shavirdi	K_hán-i-S_havirdí
2	Khan-i-Shaybani	K_hán-i-Shaybani
1	Khan-i-Sipihr	K_hán-i-Sipihr
3	Khan-i-Suq-i-Abiyad	K_hán-i-Suq-i-Abiyad
1	Khan-i-Suq-i-Abyad	K_hán-i-Suq-i-Abyad
1	Khan-i-Tunukabani	K_hán-i-Tunukabani
1	Khan-i-Tunukabuni	K_hán-i-Tunukabuni
1	Khan-i-Turk	K_hán-i-Turk
4	Khan-i-Turkaman	K_hán-i-Turkaman
2	Khan-i-Vakíl	K_hán-i-Vakíl
8	Khan-i-Valí	K_hán-i-Valí
2	Khan-i-Valí, Sardar	K_hán-i-Valí, Sardár
7	Khan-i-Varqá	K_hán-i-Varqá
4	Khan-i-Vazir	K_hán-i-Vazir
1	Khan-i-Vazlr	K_hán-i-Vazlr
1	Khan-i-Vujdani	K_hán-i-Vujdani
3	Khan-i-Yavar	K_hán-i-Yavar
1	Khan-i-Yusufiyan	K_hán-i-Yusufiyan
3	Khan-i-Zand	K_hán-i-Zand
1	Khan-very	K_hán-very
1	Khatirat-i-Malmiri	Khatirat-i-Málmírí
1	Khiyaban-i-'Ala'u'd-Dawla	Khiyaban-i-‘Alá’u'd-Dawlih
3	Khán-Nanih	K_hán-Nanih
1	Khán-i	K_hán-i
1	Khán-i-Kirmání's	K_hán-i-Kirmání's
1	Khán-i-Núrí	K_hán-i-Núrí
34	Kirmani	Kirmání
1	Kirmani), Abú’l-Qásim	Kirmání), Abu’l-Qásim
108	Kirmanshah	Kirmáns_háh
1	Kirmanshahi	Kirmáns_háhí
1	Kirmán\lsháh	Kirmáns_háh
17	Kirmánsháh	Kirmáns_háh
4	Kitáb-i-Asma'	Kitáb-i-Asmá’
43	Kitábu'l-Asma'	Kitábu'l-Asmá’
1	Kitábu'l-Asmá	Kitábu'l-Asmá’
24	Kitábu'l-Asmá'	Kitábu'l-Asmá’
1	Kuh-i-Rahmat	Kuh-i-Raḥmat
4	Ká\lshán	Kás_hán
2	Ká\lshání	Kás_hání
38	Kás_háni	Kás_hání
1	Kás_háni's	Kás_hání's
3	Kás_hánih	Kashanih
1	Káẓim-i-Ra\lshtí	Káẓim-i-Ras_htí
49	Káẓim-i-Ras_hti	Káẓim-i-Ras_htí
2	Káẓim-i-Ras_hti's	Káẓim-i-Ras_htí's
4	LOTFULLAH HAKIM	LUṬFU’LLÁH ḤAKÍM
1	LOVE--BANANI	LOVE--BANÁNÍ
2	LUTFU'LLAH HAKIM	LUṬFU’LLÁH ḤAKÍM
2	Las-Furush	Lás-Furús_h
5	Lawh-i-Haykalu'd-Din	Lawh-i-Haykalu'd-Dín
1	MAHABHÁRATA--[underlined	MAHABHARATA--[underlined
1	MAITRYA-AMITABHÁ	MAITRYA-AMITABHA
1	MAQAMI	MÁQÁMI
5	MASHHAD	MAS_HHAD
1	MASHHAD, KHURASAN	MAS_HHAD, K_HURASÁN
1	MASHRIQULADHKARS	MAS_HRIQU’L-AD_HKÁRS
2	MAS_HRIQU’L-AD_HKÁR	MASHRIQU'L- ADHKAR
2	MAS_HRIQU’L-AD_HKÁRS	MASHRIQU'L- ADHKARS
1	MAZINDARAN	MÁZINDARÁN
1	MAḤMÚD-I-KASHANI	MAḤMÚD-I-KÁS_HÁNÍ
5	MIHDI	MIHDÍ
1	MIHDIY-I-RAS_HTI'S	MIHDÍY-I-RAS_HTÍ'S
1	MIHDIZADIH	MIHDÍZADIH
2	MONEER	MUNÍR
1	MSABAHÁ	MSABAHA
3	MULLA	MULLÁ
1	MULLA MUḤAMMAD-I-QA'INI	MULLÁ MUḤAMMAD-I-QÁ'INÍ
1	MULLA ‘ALÍ-AKBAR-I-SHAHMÍRZÁDI	MULLÁ ‘ALÍ-AKBAR-I-S_HÁHMÍRZÁDÍ
3	MUNIRIH	MUNÍRIH
1	MUḤAMMAD ALIY-I-NAHRI	MUḤAMMAD-‘ALÍY-I-NAHRI
1	MUḤAMMAD-ALIY-I-SALMANI	MUḤAMMAD-‘ALÍY-I-SALMANI
1	MUḤAMMAD-BAQIR	MUḤAMMAD-BÁQIR
3	MUḤAMMAD-TAHIR-I-MALMIRI	MUḤAMMAD-TAHIR-I-MÁLMÍRÍ
1	MUḤAMMAD-TAQI, IBN-I-ABHÁR	MUḤAMMAD-TAQÍ, IBN-I-ABHAR
1	MUḤAMMAD-TAQIY-I-AFNAN	MUḤAMMAD-TAQÍY-I-AFNÁN
2	Ma'idiy-i-Asma'ni	Ma'idiy-i-Asmá’'ni
1	Ma'sum-'Aliy-i-Aynalu	Ma'sum-‘Alíy-i-Aynalu
1	Madj’ud-Din	Madj’ud-Dín
2	Mafhúm-i-Babíyyat	Mafhúm-i-Bábíyyat
61	Mah-Ku	Máh-Kú
5	Mah-ku	Máh-Kú
41	Mahku	Máh-Kú
10	Majdi'd-Din	Majdi'd-Dín
1	Majdi'd-Din--the	Majdi'd-Dín--the
76	Majdu'd-Din	Majdu'd-Dín
5	Majdu'd-Din's	Majdu'd-Dín's
1	Majdu’d-Din	Majdu’d-Dín
1	Majídi	Majídí
1	Majídis	Majídís
104	Maku	Máh-Kú
7	Malmiri	Málmírí
1	Malmiri's	Málmírí's
1	Man\lshád	Mans_hád
1	Mas_hhadi	Mas_hhadí
6	Masa'il	Masá’il
310	Mashhad	Mas_hhad
1	Mashhad's	Mas_hhad's
1	Mashhad, Mashhad	Mas_hhad, Mas_hhad
1	Mashhad--Mullá Muḥammad-Riday-i-Sabzivari	Mas_hhad--Mullá Muḥammad-Riday-i-Sabzivárí
1	Mashhad--the	Mas_hhad--the
1	Mashhad-i-	Mas_hhad-i-
9	Mashhad-i-Sar	Mas_hhad-i-Sar
1	Mashhad-Ṭihrán	Mas_hhad-Ṭihrán
1	Mashhad. Rahmat	Mas_hhad. Raḥmat
82	Mashhadi	Mas_hhadí
1	Mashhadi Abú’l-Qásim-i-Labbaf	Mas_hhadí Abu’l-Qásim-i-Labbaf
1	Mashhadi Baqir-i-Sabbagh	Mas_hhadí Báqir-i-Sabbagh
16	Mashiyyat	Mas_híyyat
9	Mashíyyat	Mas_híyyat
1	Masá'il	Masá’il
3	Maḥmúd-i-Kashi	Maḥmúd-i-Kashí
1	Maḥmúd-i-Kirmanshahi	Maḥmúd-i-Kirmáns_háhí
10	Maḥmúd-i-Kás_háni	Maḥmúd-i-Kás_hání
2	Maḥmúdi	Mahmoodi
2	Mihdíy-i-Kás_háni	Mihdíy-i-Kás_hání
8	Mihdíy-i-Ras_hti	Mihdíy-i-Ras_htí
2	Mihdíy-i-Ras_hti's	Mihdíy-i-Ras_htí's
1	Mihdíy-i-Ras_hti--like	Mihdíy-i-Ras_htí--like
2	Mu'inid-Din-i-Parvanih	Mu'inid-Dín-i-Parvanih
2	Mu'inu'd-Din	Mu'inu'd-Dín
5	Mu'izzu'd-Dawla	Mu'izzu'd-Dawlih
2	Mu'tamadu'd-Dawla	Mu'tamadu'd-Dawlih
1	Mu.hammad-'Alíy-i-Bárfurúshí	Mu.hammad-‘Alíy-i-Bárfurúshí
1	Mu[.h]ammad-'Alíy-i-Sabzivárí	Mu[.h]ammad-‘Alíy-i-Sabzivárí
1	Mu[.h]ammad-'Alíy-i-Zunúzí	Mu[.h]ammad-‘Alíy-i-Zunúzí
1	Mubammad-Baqir	Mubammad-Báqir
1	Mubarizi'd-Din	Mubarizi'd-Dín
470	Muhajir	Muḥájír
1	Muhajir'	Muḥájír'
46	Muhajir's	Muḥájír's
1	Muhajir, Abú’l-Qásim	Muḥájír, Abu’l-Qásim
1	Muhajir--'Pioneer'	Muḥájír--'Pioneer'
2	Muhajir...'	Muḥájír...'
1	Muhajir?'	Muḥájír?'
4	Muhajir_	Muḥájír_
1	Muhajir_--'Muhajir	Muḥájír_--'Muḥájír
3	Muhajirs	Muḥájírs
1	Muhammmad-'Aliy-i-Mahallati--presented	Muhammmad-‘Alíy-i-Mahallati--presented
9	Muhit-i-Kirmani	Muhit-i-Kirmání
1	Muhiyu'd-Din	Muhiyu'd-Dín
1	Muhiyyi'd-Din	Muhiyyi'd-Dín
1	Muhiyyi'd-Din-i-Kurdi	Muhiyyi'd-Dín-i-Kurdi
1	Muhnmad-‘Alí-i-Zunuzi	Muhnmad-‘Alí-i-Zunúzí
1	Muhsin-i-Fayd-i-Kás_háni's	Muhsin-i-Fayd-i-Kás_hání's
21	Muhyi'd-Din	Muhyi'd-Dín
1	Muhyi'd-Din-i-'Arabi	Muhyi'd-Dín-i-'Arabi
1	Muhyi'd-Din-i-'Arab¡	Muhyi'd-Dín-i-‘Arab¡
4	Muhyi’d-Din	Muhyi’d-Dín
1	Muhájir	Muḥájír
1	Mullábashi	Mullabashi
1	Mulláshir	Mollashir
1	Mullázadih	Mullazadih
5	Muníreh	Munírih
1	Murgh-i-Naw-Rúzi	Murgh-i-Nawruzi
1	Musaffarid-Din	Musaffarid-Dín
2	Musharrafu'd-Dawla	Musharrafu'd-Dawlih
1	Mushin-i-Fayd-i-Kás_háni's	Mushin-i-Fayd-i-Kás_hání's
1	Mushiru'd-Dawla	Mushiru'd-Dawlih
1	Muslihu'd-Din	Muslihu'd-Dín
1	Mustagath!'	Mustag_hát_h!'
17	Mustaghath	Mustag_hát_h
1	Mustagháth	Mustag_hát_h
1	Mustawfiy-i-Nuri	Mustawfiy-i-Núrí
48	Muzaffari'd-Din	Muzaffari'd-Dín
1	Muzaffari'd-Din's	Muzaffari'd-Dín's
18	Muzaffaru'd-Din	Muzaffaru'd-Dín
2	Muzaffaru'd-Din Shahs	Muzaffaru'd-Dín S_háhs
1	Muzaffru'd-Din	Muzaffru'd-Dín
1	Muḥammad'-'Aliy-i-Faizi	Muḥammad'-‘Alíy-i-Faizi
89	Muḥammad-Baqir	Muḥammad-Báqir
1	Muḥammad-Baqir Khan-i-Biglarbagi	Muḥammad-Báqir K_hán-i-Biglarbagi
2	Muḥammad-Baqir's	Muḥammad-Báqir's
1	Muḥammad-Baqir--wrote	Muḥammad-Báqir--wrote
1	Muḥammad-Baqir-i-Afnán	Muḥammad-Báqir-i-Afnán
1	Muḥammad-Baqir-i-Bihbahani	Muḥammad-Báqir-i-Bihbahani
2	Muḥammad-Baqir-i-Ha'i	Muḥammad-Báqir-i-Ha'i
1	Muḥammad-Baqir-i-Kás_háni, Khayyat-Bashiy-i-Kás_háni	Muḥammad-Báqir-i-Kás_hání, Khayyat-Bashiy-i-Kás_hání
4	Muḥammad-Baqir-i-Mahallati	Muḥammad-Báqir-i-Mahallati
2	Muḥammad-Baqir-i-Mudarris	Muḥammad-Báqir-i-Mudarris
2	Muḥammad-Baqir-i-Qa'ini	Muḥammad-Báqir-i-Qá'iní
6	Muḥammad-Baqir-i-Qahvih-chi	Muḥammad-Báqir-i-Qahvih-chi
1	Muḥammad-Baqir-i-Qazvini	Muḥammad-Báqir-i-Qazvini
4	Muḥammad-Baqir-i-Ras_hti	Muḥammad-Báqir-i-Ras_htí
1	Muḥammad-Baqir-i-Ṭihráni	Muḥammad-Báqir-i-Ṭihrání
1	Muḥammad-Baqir_	Muḥammad-Báqir_
1	Muḥammad-Ibrahim-i-Isma'il	Muḥammad-Ibrahim-i-Ismá’íl
3	Muḥammad-Ibrahim-i-Kás_háni	Muḥammad-Ibrahim-i-Kás_hání
13	Muḥammad-Isma'il	Muḥammad-Ismá’íl
1	Muḥammad-Isma'il-i-Gulpaygani	Muḥammad-Ismá’íl-i-Gulpaygani
1	Muḥammad-Isma'il. Baqir	Muḥammad-Ismá’íl. Báqir
1	Muḥammad-Ismail	Muḥammad-Ismá’íl
2	Muḥammad-Ismá'íl	Muḥammad-Ismá’íl
3	Muḥammad-Ismá‘íl	Muḥammad-Ismá’íl
1	Muḥammad-Ja'far-i-Sabzivari	Muḥammad-Ja'far-i-Sabzivárí
1	Muḥammad-Ja'far-i-Tabrizi	Muḥammad-Ja'far-i-Tabrízí
1	Muḥammad-Khan-i-Baluch	Muḥammad-K_hán-i-Baluch
3	Muḥammad-Riday-i-Kirmani	Muḥammad-Riday-i-Kirmání
1	Muḥammad-Sa'id	Muḥammad-Sa‘íd
45	Muḥammad-Tahir-i-Malmiri	Muḥammad-Tahir-i-Málmírí
1	Muḥammad-Taqiy-i-Abhári, Ibn-i-Abhár	Muḥammad-Taqíy-i-Abhari, Ibn-i-Abhar
2	Muḥammad-Taqiy-i-Afnán	Muḥammad-Taqíy-i-Afnán
1	Muḥammad-Taqiy-i-Ashtiyani	Muḥammad-Taqíy-i-Ashtiyani
1	Muḥammad-Taqiy-i-Hirati	Muḥammad-Taqíy-i-Hirati
1	Muḥammad-Taqiy-i-Iṣfahání	Muḥammad-Taqíy-i-Iṣfahání
2	Muḥammad-Taqiy-i-Juvayni	Muḥammad-Taqíy-i-Juvayní
2	Muḥammad-Taqiy-i-Kirmani	Muḥammad-Taqíy-i-Kirmání
1	Muḥammad-Taqiy-i-Mans_hádí	Muḥammad-Taqíy-i-Mans_hádí
1	Muḥammad-Taqiy-i-Mazniyani	Muḥammad-Taqíy-i-Mazniyani
1	Muḥammad-Taqiy-i-Milani	Muḥammad-Taqíy-i-Milani
1	Muḥammad-Taqiy-i-Najafi	Muḥammad-Taqíy-i-Najafi
1	Muḥammad-Taqiy-i-Núrí	Muḥammad-Taqíy-i-Núrí
1	Muḥammad-Taqiy-i-Sabzivari	Muḥammad-Taqíy-i-Sabzivárí
1	Muḥammad-i-'Arab	Muḥammad-i-‘Arab
1	Muḥammad-i-Baqir	Muḥammad-i-Báqir
4	Muḥammad-i-Mázindaráni	Muḥammad-i-Mázindarání
1	Muḥammad-i-Nayrizi	Muḥammad-i-Nayrízí
22	Muḥammad-i-Qa'ini	Muḥammad-i-Qá'iní
1	Muḥammad-i-Qaini	Muḥammad-i-Qá'iní
3	Muḥammad-i-Tabrizi	Muḥammad-i-Tabrízí
4	Muḥammad-‘Alíy-i-Qa'ini	Muḥammad-‘Alíy-i-Qá'iní
2	Muḥammad-‘Alíy-i-Sabzivari	Muḥammad-‘Alíy-i-Sabzivárí
1	Muḥammad-‘Alíy-i-Tabrizi	Muḥammad-‘Alíy-i-Tabrízí
8	Muḥammad-‘Alíy-i-Zunuzi	Muḥammad-‘Alíy-i-Zunúzí
1	Muḥammad-Ḥasan-i-Bushru'i_	Muḥammad-Ḥasan-i-Bus_hrú'í_
1	Muḥammad-Ḥasan-i-Sabzavari	Muḥammad-Ḥasan-i-Sabzivárí
5	Muḥammad-Ḥasan-i-Sabzivari	Muḥammad-Ḥasan-i-Sabzivárí
1	Muḥammad-Ḥusayn-i-Kirmani	Muḥammad-Ḥusayn-i-Kirmání
1	Muḥammad-Ḥusayn-i-Kás_háni	Muḥammad-Ḥusayn-i-Kás_hání
3	Muḥammad-Ḥusayn-i-Maraghi'i	Muḥammad-Ḥusayn-i-Marág_hi'í
11	Mázindaráni	Mázindarání
1	Mázindaráni's	Mázindarání's
1	Mír'atu'l-Azaliyyih	Mír'atu'l-Azalíyyih
1	Mírzá-Haydar-‘Alí	Mírzá-Ḥaydar-‘Alí
2	Mírzápur	Mirzapur
1	M‘AKKÁY	MACKAY
1	M‘Akkáh	M'Akkah
2	N6ru'd-Din	N6ru'd-Dín
2	NABIL	NABÍL
2	NABIL'S	NABÍL'S
9	NABIL-I-A'ZAM	NABÍL-I-A'ZAM
1	NATBAHÁ’Í	NATBAHA'I
3	NAW-RUZ	NAW-RÚZ
2	NAWRUZ	NAW-RÚZ
2	NAYRIZ	NAYRÍZ
1	NURI	NÚRÍ
1	NURU'LLAH	NÚRU’LLÁH
1	Na'im-i-Nuri	Na'im-i-Núrí
1	Nabí-\lShu‘ayb	Nabí-S_hu‘ayb
4	Nabíl-i-Qa'ini	Nabíl-i-Qá'iní
1	Naisiri'd-Din	Naisiri'd-Dín
2	Najaf-'Aliy-i-Zanjani	Najaf-‘Alíy-i-Zanjani
2	Najaf-Aliy-i-Zanjani	Najaf-‘Alíy-i-Zanjani
1	Najibu'd-Din	Najibu'd-Dín
5	Najmi'd-Din	Najmi'd-Dín
1	Najmu'd-Din	Najmu'd-Dín
1	Najmu'd-Din Abú’l-Qásim	Najmu'd-Dín Abu’l-Qásim
1	Nariru’d-Din	Nariru’d-Dín
1	Nasim'd-Dawla	Nasim'd-Dawlih
1	Nasir'd-Din	Nasir'd-Dín
5	Nasirid-Din	Nasirid-Dín
1	Nasirru'd-Din	Nasirru'd-Dín
12	Nasiru'd-Dawla	Nasiru'd-Dawlih
131	Nasiru'd-Din	Nasiru'd-Dín
2	Nasiru'd-Din's	Nasiru'd-Dín's
1	Nasiru'd-Din-S_háh	Nasiru'd-Dín-S_háh
1	Nasiru'ld-Din	Nasiru'ld-Dín
16	Nasiru’d-Din	Nasiru’d-Dín
2	Nasr-ed-Din	Nasr-ed-Dín
4	Nasru'd-Din	Nasru'd-Dín
1	Nasru'llah-Khan-i-Nuri	Nasru'llah-K_hán-i-Núrí
1	Nasru'llah-i-Tafrishi	Nasru'llah-i-Tafrís_hí
1	Nassar-Ed-Din-S_háh	Nassar-Ed-Dín-S_háh
2	Nasser-Ed-Din	Nasser-Ed-Dín
1	Nasser’Ud-Din-S_háh’s	Nasser’Ud-Dín-S_háh’s
1	NatBahá’í	NatBahai
1	Navváb/Navvábbih	Navváb/Navábbih
1	Navvábih	Navvabih
185	Nayriz	Nayríz
1	Nayrizi	Nayrízí
1	Nazar-'Aliy-i-Ḥakím-i-Qazvini	Nazar-‘Alíy-i-Ḥakím-i-Qazvini
1	Na‘iri'd-Din	Na‘iri'd-Dín
1	Ni'matu'llah-i-Mázindaráni	Ni'matu'llah-i-Mázindarání
1	Nizami'd-Din	Nizami'd-Dín
3	Nizamu'd-Din	Nizamu'd-Dín
1	Nizam’Ud-Dawla	Nizam’Ud-Dawlih
16	Nuri	Núrí
12	Nuri'd-Din	Núrí'd-Dín
2	Nuri'd-Din's	Núrí'd-Dín's
1	Nuri'd-Din--the	Núrí'd-Dín--the
1	Nuri'ddin-i-Zayn	Núrí'ddin-i-Zayn
2	Nuru'd-Dawla	Nuru'd-Dawlih
29	Nuru'd-Din	Nuru'd-Dín
2	Nuru'd-Din's	Nuru'd-Dín's
6	Nuru'd-Din-i-Zayn	Nuru'd-Dín-i-Zayn
3	Nuru’d-Din	Nuru’d-Dín
1	Nusratu'd-Dawla	Nusratu'd-Dawlih
1	NÚRÍSHED	NOURISHED
2	Náqiḍíne	Náqiḍene
2	Núr'u'd-Din	Núr'u'd-Dín
3	Núri’d-Dín	Núrí’d-Dín
1	PBahá’í	PBahá'í
1	PRÁQÁ	PRAGA
1	Port-Sa'id	Port-Sa‘íd
7	Pá\lshá	Pás_há
1	Pás_hálic	Pashalic
1	Pás_hálik	Pashalik
3	Pás_háliks	Pashaliks
1	P‘AKKÁGE	PACKAGE
18	Qa'in	Qá'in
1	Qa'ini	Qá'iní
2	Qasidiy-i-Varqaiyyih	Qasidiy-i-Varqáiyyih
1	Qasidiy-i-Varqayyih	Qasidiy-i-Varqáyyih
1	Qavamu'd-Din	Qavamu'd-Dín
2	Qavvamu'd-Din	Qavvamu'd-Dín
1	Qayyamu'l-Asmá'	Qayyamu'l-Asmá’
4	Qayyum-i-Asma	Qayyum-i-Asmá’
1	Qayyúm-i-Asmá	Qayyúm-i-Asmá’
1	Qayyúm-u'l-Asmá'	Qayyúm-u'l-Asmá’
2	Qayyúmu’l-Asmá’s	Qayyúmu’l-Asmá’'s
1	Qayyúmu’l-Asmá’slightly	Qayyúmu’l-Asmá’'slightly
1	Qtgyumu'I-Asma	Qtgyumu'I-Asmá’
5	Qutbu'd-Din	Qutbu'd-Dín
1	Quyyumu'l-Asmá'	Quyyumu'l-Asmá’
1	Qájáriyya	Qajariyya
1	RABBANI	RABBÁNÍ
1	RABBANI, RUHIYYIH	RABBÁNÍ, RÚḤÍYYIH
1	RABBANI, RÚHÍYYIH	RABBÁNÍ, RÚḤÍYYIH
1	RAHIM RAHIMIYAN	RAḤÍM RAḤÍMIYAN
1	RAHIMKHAN	RAḤÍMKHAN
3	RAHMAT	RAḤMAT
1	RAHMAT'--COLOMBIA	RAḤMAT'--COLOMBIA
1	RAHMAT'S	RAḤMAT'S
4	ROUHANI	RÚḤÁNI
1	ROUHANI'S	RÚḤÁNI'S
2	RUHI	RÚḤÍ
26	RUHIYYIH	RÚḤÍYYIH
2	RUHIYYIH RABBANI'S	RÚḤÍYYIH RABBÁNÍ'S
2	Radiyu'd-Din	Radiyu'd-Dín
1	Radiyu'd-Din Abú’l-Qásim	Radiyu'd-Dín Abu’l-Qásim
1061 Rahmat	Raḥmat
2	Rahmat Muhajir	Raḥmat Muḥájír
1	Rahmat Muhajir--we	Raḥmat Muḥájír--we
3	Rahmat'	Raḥmat'
1	Rahmat'--Colombia	Raḥmat'--Colombia
314	Rahmat's	Raḥmat's
1	Rahmat'u'lhih Muhajir	Raḥmat'u'lhih Muḥájír
1	Rahmat--Mercy	Raḥmat--Mercy
1	Rahmat--at	Raḥmat--at
1	Rahmat-abad	Raḥmat-abad
3	Rajab-'Aliy-i-Qahir	Rajab-‘Alíy-i-Qahir
1	Rajab-'Alíy-i-Qahír	Rajab-‘Alíy-i-Qahír
1	Rajab-Aliy-i-Qahir	Rajab-‘Alíy-i-Qahir
26	Ras_hti	Ras_htí
2	Ras_hti's	Ras_htí's
1	Ras_hti’s	Ras_htí’s
1	Rashi'du'd-Din	Rashi'du'd-Dín
7	Rashidi'd-Din	Rashidi'd-Dín
4	Rashidu'd-Din	Rashidu'd-Dín
1	Rawdih-Khan-i-Yazdí_	Rawdih-K_hán-i-Yazdí_
1	Riday-i-Kirmani	Riday-i-Kirmání
4	Riḍá-Quliy-i-Tafrishi	Riḍá-Quliy-i-Tafrís_hí
1	Riḍá-yi-Kirmani	Riḍá-yi-Kirmání
1	Riḍáy-i-_S_hírází	Riḍáy-i-_Shírází
12	Rukni'd-Din	Rukni'd-Dín
1	Ruknu'd-Dawla	Ruknu'd-Dawlih
1	Ruknu'd-Din	Ruknu'd-Dín
14	Rúḥángíz	Rúḥángiz
1	RúḥíyyihK_hánum	RúḥíyyihKhanum
2	SAMANDARI	SAMANDARÍ
1	SHIISLÁM	SHIISLAM
35	SHIRAZ	S_HÍRÁZ
3	SIYAH-CHAL	SÍYÁH-C_HÁL
2	SULAYMAN	SULAYMÁN
1	SULAYMAN KHAN-I-TUNUKABANI	SULAYMÁN K_HÁN-I-TUNUKABANI
6	SULAYMANI, ‘AZÍZ’U’LLÁH	SULAYMÁNI, ‘AZÍZU’LLÁH
2	SULTAN	SULṬÁN
1	SURIHS	SÚRAHS
1	S_hayk_h-'Aliy-i-Miri	S_hayk_h-‘Alíy-i-Mírí
163	S_hayk_hi	S_hayk_hí
1	S_hayk_hi-Bala-	S_hayk_hí-Bala-
1	S_hayk_hi-Bala-Sari	S_hayk_hí-Bala-Sari
4	S_hayk_hi-Bábí	S_hayk_hí-Bábí
10	S_hayk_hi-gari	S_hayk_hí-gari
4	S_hayk_hi-und	S_hayk_hí-und
1	S_hayk_hie	S_hayk_hí
77	S_hayk_his	S_hayk_hís
1	S_hayk_his--his	S_hayk_hís--his
7	S_hírázee	S_hírází
1	Sa'da'd-Din	Sa'da'd-Dín
1	Sa'di'd-Din-i-Taftazani--suffered	Sa'di'd-Dín-i-Taftazani--suffered
2	Sa'du'd-Dawla	Sa'du'd-Dawlih
3	Sa'du'd-Din	Sa'du'd-Dín
57	Sa'id	Sa‘íd
1	Sa'id Khan-i-Kurdistani	Sa‘íd K_hán-i-Kurdistani
3	Sa'id-i-Ardistani	Sa‘íd-i-Ardistani
1	Sa'id-i-Ardistan´i	Sa‘íd-i-Ardistan´i
2	Sa'id-i-Hindi	Sa‘íd-i-Hindi
1	Sa'id-i-Hindi_	Sa‘íd-i-Hindi_
13	Sa'id_	Sa‘íd_
1	Sa'idih	Sa‘ídih
1	Sa'idu'd-Dawla	Sa‘ídu'd-Dawlih
1	Sa'idu'd-Dawlih	Sa‘ídu'd-Dawlih
6	Sa'idu'l-'Ulama	Sa‘ídu'l-'Ulama
1	Sa'inu'd-Din	Sa'inu'd-Dín
1	Sa'íd	Sa‘íd
1	Sabzavar	Sabzivár
2	Sabzivari	Sabzivárí
1	Sadiq-i-Tabrizi	Sadiq-i-Tabrízí
1	Sadri'd-Din	Sadri'd-Dín
9	Sadru'd-Din	Sadru'd-Dín
4	Saffyyi'd-Din	Saffyyi'd-Dín
3	Safiyu'd-Din	Safiyu'd-Dín
8	Safiyyi'd-Din	Safiyyi'd-Dín
1	Safiyyi'd-Din's	Safiyyi'd-Dín's
1	Sag-i-Kashi	Sag-i-Kashí
1	Sakínih-Sulṭán\lK_hánum	Sakínih-SulṭánK_hánum
11	Salahi'd-Din	Salahi'd-Dín
1	Salahi'd-Din-i-Ayyubi	Salahi'd-Dín-i-Ayyubi
1	Salahu'd-Din	Salahu'd-Dín
1	Salahu’d-Din	Salahu’d-Dín
1	Salih-i-Kirmani	Salih-i-Kirmání
2	Samsamu'd-Dawla	Samsamu'd-Dawlih
17	Sardar	Sardár
5	Sardar-Fatih	Sardár-Fatih
1	Sardar-Humayun	Sardár-Humayun
1	Sardar-Panjih	Sardár-Panjih
3	Sardar-i-As'ad	Sardár-i-As'ad
2	Sardar-i-Assad	Sardár-i-Assad
1	Sardar-i-Humayum	Sardár-i-Humayum
2	Sardar-i-Jang	Sardár-i-Jang
2	Sardar-i-Kull	Sardár-i-Kull
1	Sardar-i-Sipah	Sardár-i-Sipah
3	Sardar-i-Soulat	Sardár-i-Soulat
4	Sardar-i-Zafar	Sardár-i-Zafar
1	Sarimu'd-Dawla	Sarimu'd-Dawlih
4	Sayed	Siyyid
2	Sayfad-Din	Sayfad-Dín
10	Sayfi'd-Din	Sayfi'd-Dín
5	Sayfu'd-Dawla	Sayfu'd-Dawlih
2	Sayfu'd-Dawla's	Sayfu'd-Dawlih's
2	Sayfu'd-Din	Sayfu'd-Dín
1	Sayyed Abu’l	Siyyid Abul
1	Sa’id	Sa‘íd
1	Sa‘idu'l-‘Ulamá	Sa‘ídu'l-‘Ulamá
1	Seyad	Siyyid
2	Seyid	Siyyid
1	Seyids	Siyyids
1	Seyyad	Siyyid
29	Seyyed	Siyyid
1	Seyyeds.'	Siyyids.'
130	Seyyid	Siyyid
1	Seyyid'	Siyyid'
2	Seyyid's	Siyyid's
18	Seyyids	Siyyids
1	Seyyidu'sh-shuhada	Siyyidu'sh-shuhada
1	Shafi'-i-Nayrizi	Shafi'-i-Nayrízí
4	Shahenshah	S_háhins_háh
1	Shahinshah	S_háhins_háh
6	Shahmirzad	S_háhmírzád
1	Shahmirzadi	S_háhmírzádí
9	Shahr-Banu	Shahr-Bánú
11	Shahr-banu	Shahr-Bánú
1	Shahrood	S_háhrúd
8	Shahrud	S_háhrúd
17	Shahs	S_háhs
2	Shahzadeh	S_háhzádih
1	Shahzadih	S_háhzádih
4	Shams-i-Tabriz	Shams-i-Tabríz
2	Shamsi'd-Din	Shamsi'd-Dín
2	Shamsi'd-Din-i-Juvayni	Shamsi'd-Dín-i-Juvayní
5	Shamsu'd-Din	Shamsu'd-Dín
5	Sharaf	S_haraf
2	Sharafi'd-Din	Sharafi'd-Dín
3	Sharafu'd-Dawla	Sharafu'd-Dawlih
2	Sharafu'd-Din	Sharafu'd-Dín
1	Sharh-i-Ahval-i-Jinab-i-Mírzá	Sharh-i-Ahval-i-Jináb-i-Mírzá
2	Sharh-i-Asma'u'llah	Sharh-i-Asmá’'u'llah
1	Sharh-i-Asmá'u'llah	Sharh-i-Asmá’'u'llah
1	Shay\lkhís	Shayk_hís
1	Sheikhi-Moallem	S_hayk_hi-Moallem
1	Sheikies	S_hayk_hies
1	Shi'i-S_hayk_hi	Shi'i-S_hayk_hí
1	Shiblu'd-Dawla	Shiblu'd-Dawlih
1	Shihabi'd-Din	Shihabi'd-Dín
9	Shihabu'd-Din	Shihabu'd-Dín
1	Shimr-i-Kashi	Shimr-i-Kashí
1	Shirvan-Shahs	Shirvan-S_háhs
7	Shogi	Shoghi
2	Shogie	Shoghi
2	Shuja'u'd-Dawla	Shuja'u'd-Dawlih
2	Sháhrúd	S_háhrúd
3	Sháhs	S_háhs
2	Sháhzádih	S_háhzádih
3	Sulṭánu'd-Dawla	Sulṭánu'd-Dawlih
2	TABARSI	ṬABARSÍ
13	TABRIZ	TABRÍZ
4	TAHIRIH	ṬÁHIRIH
1	TAQI	TAQÍ
10	TEHERAN	ṬIHRÁN
1	THAMÁQÁ	THAMAGA
1	TZUCABÁB	TZUCABAB
657	Tabriz	Tabríz
3	Tabriz S_hayk_his	Tabríz S_hayk_hís
3	Tabriz'	Tabríz'
1	Tabriz's	Tabríz's
1	Tabriz, Maku	Tabríz, Máh-Kú
1	Tabriz--his	Tabríz--his
2	Tabriz.'	Tabríz.'
1	Tabriz.[10-	Tabríz.[10-
1	Tabriz.[E	Tabríz.[E
27	Tabrizi	Tabrízí
2	Tabrizi S_hayk_his	Tabrízí S_hayk_hís
6	Tafrish	Tafrís_h
1	Tafrishi	Tafrís_hí
1	Taherzadeh-Malmiri	Taherzadeh-Málmírí
1	Tahir-i-'Arab	Tahir-i-‘Arab
5	Tahir-i-Malmiri	Tahir-i-Málmírí
2	Tahir-i-Malmiri's	Tahir-i-Málmírí's
1	Taji'd-Din	Taji'd-Dín
1	Taju'd-Din	Siyyid
3	Taju'd-Din	Taju'd-Dín
6	Tang-i-Alláhu	Tang-i-Allahu
1	Tang-i-Alláhu-Akbar	Tang-i-Allahu-Akbar
1	Tangi-Alláhu	Tangi-Allahu
2	Taqiy-i-Abhári	Taqíy-i-Abhari
1	Taqiy-i-Bujnurdi	Taqíy-i-Bujnurdi
1	Taqiy-i-Iṣfahání	Taqíy-i-Iṣfahání
2	Taqiy-i-Mans_hádí	Taqíy-i-Mans_hádí
1	Taqiy-i-Mustawfi	Taqíy-i-Mustawfi
2	Taqiy-i-Najafi	Taqíy-i-Najafi
1	Taqiy-i-Nuri	Taqíy-i-Núrí
1	Taqiyu'd-Din	Taqiyu'd-Dín
4	Turshiz	Turs_híz
1	Turshizi	Turs_hízí
2	Turshíz	Turs_híz
1	Turshízí	Turs_hízí
1	Tálib	Talib
1	UBAHÁ	UBAHA
1	Ud-Din	Ud-Dín
1	Umm-A\lshraf	Umm-As_hraf
1	Upeksha--Íqánimity	Upeksha--Equanimity
2	Usuli'd-Din	Usuli'd-Dín
1	Vahiyu'd-Din	Vahiyu'd-Dín
2	Vajihu'd-Din	Vajihu'd-Dín
3	Vazir-i-Nuri	Vazir-i-Núrí
2	Vizirial	Vizírial
1	Word--ALLÁH–U–ABHÁ	Word--ALLÁH-U-ABHÁ
5	YAHYA	YAḤYÁ
1	Yaḥyáyi-Dárábí	Yahyayi-Dárábí
1	Yusif-i-Ras_hti	Yusif-i-Ras_htí
1	Yusuf-'Aliy-i-Ardibili	Yusuf-‘Alíy-i-Ardibili
1	Yusuf-Khan-i-Thabit	Yusuf-K_hán-i-Thabit
2	Za'imu'd-Dawla	Za'imu'd-Dawlih
4	Zahiri'd-Din	Zahiri'd-Dín
1	Zahiru'd-Dawla	Zahiru'd-Dawlih
2	Zahiru'd-Din	Zahiru'd-Dín
1	Zahri'd-Din	Zahri'd-Dín
1	Zaynal-i-'Arab	Zaynal-i-‘Arab
1	Zayni'd-Din	Zayni'd-Dín
7	Zaynu'd-Din	Zaynu'd-Dín
1	ZaÍqánf	ZaIqanf
4	Zeynu'd-Din	Zeynu'd-Dín
1	Zia-ed-Din	Zia-ed-Dín
1	Zunuz	Zunúz
9	Zunuzi	Zunúzí
2	Zunuzi's	Zunúzí's
1	[Alláh–u–Abhá	[Alláh-u-Abhá
1	[Bahá’ísm	[Bahá'ism
1	[Isma'il	[Ismá’íl
1	[Jaláli'd-Din-i-Rumi	[Jalálu'd-Dín-i-Rumi
1	[Jaláli'd-Dín-i-Rúmí	[Jalálu'd-Dín-i-Rúmí
1	[Jamál-i-Burujirdi	[Jamál-i-Burújirdí
1	[Mahku	[Máh-Kú
1	[Maku	[Máh-Kú
7	[Mashhad	[Mas_hhad
1	[Muhajir	[Muḥájír
1	[Mupffari’d-Din	[Mupffari’d-Dín
1	[Muḥammad-Baqir-i-Najafabadi	[Muḥammad-Báqir-i-Najafabadi
1	[Muḥammad-]Baqir	[Muḥammad-]Báqir
1	[Nasiru’d-Din	[Nasiru’d-Dín
1	[Seyyed	[Siyyid
1	[Tabriz	[Tabríz
1	[^4B]ahá’í	[^4B]ahá'í
1	[‘Akkál	[Akkal
1	_(Bahá’ísm	_(Bahá'ism
1	_Abhá_	_Abha_
1	_Alláho’Abhá_	_Allaho’Abhá_
2	_Alláhu Abhá_	_Alláh-u-Abhá_
1	_Alláh–u–Abhá_	_Alláh-u-Abhá_
2	_Alláh–u–Abhás_	_Alláh-u-Abhás_
1	_Bahá’u’lláh_	_Baha’u’llah_
1	_Bahá’u’lláhsi	_Bahá'u'llahsi
7	_Bahá’ísm	_Bahaism
1	_Bahá’ísm	_Bahá'ism
1	_Bahá’ísm_	_Bahaism_
4	_Bahá’ísmus_	_Bahá'ismus_
2	_Bahá’ítum	_Bahá'itum
1	_Bábs_	_Babs_
1	_K_hán	_Khán
3	_K_hánum	_Khánum
1	_Kitáb-i-Asma'_	_Kitáb-i-Asmá’_
17	_Kitábu'l-Asmá'_	_Kitábu'l-Asmá’_
1	_Kitábu'l-Asmá_	_Kitábu'l-Asmá’_
1	_Lawh-i-Haykalu'd-Din_	_Lawh-i-Haykalu'd-Dín_
6	_Mashiyyat_	_Mas_híyyat_
3	_Mustaghath_	_Mustag_hát_h_
1	_Nasiru’d-Din	_Nasiru’d-Dín
1	_S_hayk_hi	_S_hayk_hí
2	_S_háh	_Sháh
5	_S_híráz	_Shíráz
1	_S_hírází	_Shírází
8	_Seyyed	_Siyyid
1	_Sharh-i-Asmá'u'llah_	_Sharh-i-Asmá’'u'llah_
1	_ad-Din	_ad-Dín
1	_al-Bahá’íyyah_	_al-Bahá'iyyah_
1	_ismu'l-a'zam_)--Alláh–u–Abhá--has	_ismu'l-a'zam_)--Alláh-u-Abhá--has
1	ad-Dawla	ad-Dawlih
23	ad-Din	ad-Dín
2	ad-Din_	ad-Dín_
3	al-'Arab	al-‘Arab
3	al-'Ilm	al-‘Ilm
1	al-Asma	al-Asmá’
1	al-Asma'	al-Asmá’
1	al-Asmá	al-Asmá’
1	al-Asmá'	al-Asmá’
35	al-Baqir	al-Báqir
4	al-Baqir's	al-Báqir's
1	al-Bastami	al-Bastamí
1	al-Bayánu'l-'Arabi	al-Bayanu'l-'Arabi
1	al-Kashi	al-Kashí
1	al-Masa'il	al-Masá’il
1	al-Mashhad	al-Mas_hhad
1	al-‘Abbási	al-'Abbasi
1	al-Ḥadít_ha	al-Hádítha
1	and'Abdu'1-Bahá	and‘Abdu’l-Bahá
1	anti-S_hayk_hi	anti-S_hayk_hí
1	as-Sa’id	as-Sa‘íd
1	at-Tabrizi	at-Tabrízí
1	at-Ṭihráni	at-Ṭihrání
1	authorities.--ABU’L-FADL	authorities.--ABU’L-FAḌL
1	dK_hán	dKhán
1	himself.--ABU’L-FADL	himself.--ABU’L-FAḌL
1	i-Abhár	i-Abhar
1	i-Kirmani	i-Kirmání
1	i-S_háhmírzádí
1	interpreter--Khan--as	interpreter--K_hán--as
1	lKHánum	K_Hánum
6	lK_husraw	K_husraw
14	lK_hán	K_hán
1	lK_hánum	K_hadíjih
51	lK_hánum	K_hánum
1	lK_hánum's	K_hánum's
1	lKh'an	K_h'an
1	lKhadíjih \lK_hánum	K_hadíjih K_hánum
6	lKhadíjih-Bagum	K_hadíjih-Bagum
2	lKhadíjih-Sulṭán-Bagum	K_hadíjih-Sulṭán-Bagum
1	lKhadíjih-Sulṭán-Bagum's	K_hadíjih-Sulṭán-Bagum's
1	lKhalwa	K_halwa
1	lKhaylí \lKhu\lsh	K_haylí K_hus_h
1	lKhaylí \lKhúb	K_haylí K_húb
1	lKhi\dr	K_hi\dr
3	lKhiḍr	K_hiḍr
1	lKhud'ab\lkh\sh	K_hud'abk_h\sh
1	lKhán-i-Kalántar	K_hán-i-Kalántar
1	lKhúrí	K_húrí
10	lS_háh	S_háh
1	lS_híráz	S_hiráz
20	lS_híráz	S_híráz
2	lShay\khs	S_hay\khs
26	lShay\lkh	S_hayk_h
1	lShay\lkh's	S_hayk_h's
1	lShay\lkh-Aḥmad	S_hayk_h-Aḥmad
1	lShay\lkhS<'aliḥ	S_hayk_hS<'aliḥ
1	lShay\lkhs	S_hayk_hs
1	lShay\lkhÁbid	S_hayk_hÁbid
2	lShay\lkhí	S_hayk_hí
1	lShay\lkh‘Ábid	S_hayk_h‘Ábid
1	lShíráPersia	S_híráPersia
1	lkhán	k_hán
1	madu'd-Dawla	madu'd-Dawlih
1	non-S_hayk_hi	non-S_hayk_hí
4	non-S_hayk_his	non-S_hayk_hís
1	ofBahá’u’lláh	ofBaha'u'llah
1	ofBahá’u’lláh	ofBaha’u’llah
1	ofBahá’í	ofBaha'i
7	sheikh	s_hayk_h
1	sheikh's	s_hayk_h's
2	sheikhs	s_hayk_hs
1	story,\lK_hánum	story,K_hánum
1	ta\lkht-i-raván	tak_ht-i-raván
2	the	El
1	theBáb	theBab
1	|Ḥadít_hs	|Hádíths
1	Áqá-Mírzá-Haydar-‘Alí	Áqá-Mírzá-Ḥaydar-‘Alí
87	Áqáy-i-Kalim	Áqáy-i-Kalím
1	Áqáy-i-Kás_háni	Áqáy-i-Kás_hání
1	Íqáng	Ikang
4	Íqáni	Ighani
1	Íqáni	Iqani
1	ááTa\lkht-i-Raván	ááTak_ht-i-Raván
1	‘ABBÁSI	'ABBASI
1	‘ABBÁSIYAN	'ABBASIYAN
4	‘ABDU’L-BAHÁS	ABDULBAHAS
1	‘ABDU’L-BAHÁiS	‘ABDU’L-BAHAiS
6	‘ABDU’L-HAMID	‘ABDU’L-ḤAMÍD
1	‘ABDU’L-MAJID	‘ABDU’L-MAJÍD
1	‘ABDU’LHAHA	ABDULHAHA
1	‘ALÍ AKBAR FURUTAN	‘ALÍ-AKBAR FURÚTAN
4	‘AZÍZ’U’LLÁH	‘AZÍZU’LLÁH
2	‘AZÍZ’U’LLÁH-I-JADHDHAB	‘AZÍZU’LLÁH-I-JADHDHAB
1	‘Abbás-'Aliy-i-Namazi	‘Abbás-‘Alíy-i-Namazi
2	‘Abbás-'Aliy-i-Nuri	‘Abbás-‘Alíy-i-Núrí
1	‘Abbás-'Aliy-i-Núrí	‘Abbás-‘Alíy-i-Núrí
1	‘Abbás-'Aliy-i-Shamsabadi	‘Abbás-‘Alíy-i-Shamsabadi
2	‘Abbás-i-Nuri	‘Abbás-i-Núrí
1	‘Abbásabad	'Abbasabad
3	‘Abbásabad	Abbasabad
2	‘Abbásah	'Abbasah
4	‘Abbási	'Abbasi
1	‘Abbási	‘Abbasi
3	‘Abbásian	Abbasian
2	‘Abbáside	‘Abbásid
1	‘Abbásiyya	'Abbasiyya
2	‘Abbáss	‘Abbás
2	‘Abbásside	‘Abbásid
1	‘Abbássides	‘Abbásids
1	‘Abbássieh	Abbassieh
1	‘Abdu’1-Bahá	‘Abdu’l-Bahá
1	‘Abdu’1-Bahá.”	‘Abdu’l-Bahá.”
1	‘Abdu’l -Bahá	‘Abdu’l-Bahá
2	‘Abdu’l-'Aliy-i-Hirati	‘Abdu’l-‘Alíy-i-Hirati
1	‘Abdu’l-Baháa's	‘Abdu’l-Bahá's
4	‘Abdu’l-Bahár	‘Abdu’l Behar
58	‘Abdu’l-Bahás	‘Abdu’l-Bahas
1	‘Abdu’l-Bahá’ímmediately	‘Abdu’l-Baháimmediately
5	‘Abdu’l-Karim-i-Ṭihráni	‘Abdu’l-Karim-i-Ṭihrání
1	‘Abdu’l-Majíd-i-Maraghi'i	‘Abdu’l-Majíd-i-Marág_hi'í
15	‘Abdu’l-Ḥamíd	‘Abdu’l Ḥamíd
2	‘Abdu’l-Ḥasan	‘Abdu’l Ḥasan
13	‘Abdu’l-Ḥusayn	‘Abdu’l Ḥusayn
2	‘Abdu’l-Ḥusayn S_hírázi	‘Abdu’l Ḥusayn Sherazi
4	‘Abdu’l-Ḥusayn-i-Ṭihráni	‘Abdu’l-Ḥusayn-i-Ṭihrání
2	‘Abdu’l-Ḥusayn.'	‘Abdu’l Ḥusayn.'
1	‘Abdu’lVahháb's	‘Abdu'lVahháb's
2	‘Abdu’laziz	Abdulaziz
1	‘Abdu’lbahas	Abdulbahas
1	‘Abdu’lhaha	Abdulhaha
1	‘Abdu’lla	‘Abdu’lláh
1	‘Abdu’llahabad	'Abdu'llahabad
1	‘Abdu’lláh-i-Burujirdi	‘Abdu’lláh-i-Burújirdí
1	‘Abdu’lláh-i-Nuri	‘Abdu’lláh-i-Núrí
3	‘Akkádemia	Accademia
1	‘Akkár	'Akkar
1	‘Ala'u'd-Dawla	‘Alá’u'd-Dawlih
1	‘Ala’u’d-Din	‘Alá’u’d-Dín
1	’Ala’u’d-Din	‘Alá’u’d-Dín
1	“Alláho’Abhás”	“Alláh-u-Abhás”
26	‘Alí Muḥammad	‘Alí-Muḥammad
2	‘Alí Muḥammad's	‘Alí-Muḥammad's
1	‘Alí-Akbar-i-Shahmiradi	‘Alí-Akbar-i-S_háhmírzádí
1	‘Alí-Akbar-i-Shahmirzad	‘Alí-Akbar-i-S_háhmírzád
15	‘Alí-Akbar-i-Shahmirzadi	‘Alí-Akbar-i-S_háhmírzádí
1	‘Alí-Khan-i-Mah-Ku'i	‘Alí-K_hán-i-Máh-Kú'i
1	‘Alí-Khan-i-Nuri	‘Alí-K_hán-i-Núrí
169	‘Azíz’u’lláh	‘Azízu’lláh
1	‘Azíz’u’lláh Khan-i-Varqá	‘Azízu’lláh K_hán-i-Varqá
5	‘Azíz’u’lláh's	‘Azízu’lláh's
1	‘Azíz’u’lláh-Jadhdhab	‘Azízu’lláh-Jadhdhab
1	‘Azíz’u’lláh-i-Ja*dhdh	‘Azízu’lláh-i-Ja*dhdh
6	‘Azíz’u’lláh-i-Jadhdhab	‘Azízu’lláh-i-Jadhdhab
7	‘Azíz’u’lláh-i-Misbah	‘Azízu’lláh-i-Misbah
2	“Bahá-ullah”	“Bahá’u’lláh”
1	‘I\lshqábád	‘Is_hqábád
1	‘Iráq-i-'Arab	‘Iráq-i-‘Arab
1	“Muḍaffar-ed-Din	“Muḍaffar-ed-Dín
1	‘Ud-Dawla	‘Ud-Dawlih
3	‘Ud-Din	‘Ud-Dín
2	Ḥadít_h-i-Mashiyyat	Ḥadít_h-i-Mas_híyyat
1	Ṭaráz’u’lláh	Taraz’u’lláh
1	Ḥasan-i-Bahjístani	Ḥasan-i-Bajistani
1	Ḥasan-i-Bahjístani_	Ḥasan-i-Bajistani_
5	Ḥasan-i-Mázindaráni	Ḥasan-i-Mázindarání
1	Ḥasan-i-Sabzivari	Ḥasan-i-Sabzivárí
22	Ḥasan-i-Zunuzi	Ḥasan-i-Zunúzí
5	Ḥaẓírat'ul-Quds	Ḥaẓíratu’l-Quds
1	Ḥaẓíratu'I-Quds	Ḥaẓíratu’l-Quds
4	Ḥaẓíratu'l-	Haziratu'l-
1	Ḥaẓíratu'l-Ques	Haziratu'l-Ques
1	Ḥaẓíratu’l-Qudses	Haziratu'l-Qudses
34	Ṭihráni	Ṭihrání
1	Ṭihráni's	Ṭihrání's
1	Ṭihránis	Teheranis
1	Ṭihráni’s	Ṭihrání’s
2	Ḥusayn-'Aliy-i-Iṣfahání	Ḥusayn-‘Alíy-i-Iṣfahání
1	Ḥusayn-'Aliy-i-Jahrumi	Ḥusayn-‘Alíy-i-Jahrumi
1	Ḥusayn-'Aliy-i-Khayyat	Ḥusayn-‘Alíy-i-Khayyat
1	Ḥusayn-'Aliy-i-Núr	Ḥusayn-‘Alíy-i-Núr
1	Ḥusayn-'Aliy-i-Núrí	Ḥusayn-‘Alíy-i-Núrí
1	Ḥusayn-'Alíy-i-Núrí	Ḥusayn-‘Alíy-i-Núrí
1	Ḥusayn-Khan-i-Mushiru'd-Dawlih	Ḥusayn-K_hán-i-Mushiru'd-Dawlih
2	Ḥusayn-i-'Arab	Ḥusayn-i-‘Arab
19	Ḥusayn-i-Bushru'i	Ḥusayn-i-Bus_hrú'í
1	Ḥusayn-i-Bushru'i_	Ḥusayn-i-Bus_hrú'í_
3	Ḥusayn-i-Bushrú'í	Ḥusayn-i-Bus_hrú'í
2	Ḥusayn-i-Kashi	Ḥusayn-i-Kashí
5	Ḥusayn-i-Kás_háni	Ḥusayn-i-Kás_hání
1	Ḥusayn-i-S_hírázíy-i-Khurtumi	Ḥusayn-i-Shiraziy-i-Khurtumi
2	Ḥusayn-i-Turshizi	Ḥusayn-i-Turs_hízí
1	Ḥusayn-‘Aliy-i-Jahrumi	Ḥusayn-‘Alíy-i-Jahrumi
1	Ḥáfiẓa	Hafiza
1	Ḥáfiẓes	Hafizes
2	Ḥáfiẓiyye	Hafiziyye
5	Ḥáfiẓu'llah	Hafizu'llah
9	Ṭáhirihd	Tahirid
4	Ṭáhirihds	Tahirids
3	Ḥájibu’d-Dawlih	Ḥajíbu’d-Dawlih
1	ḤájíMírzá	HájíMírzá
1	Ḥájíb	Hajib
1	Ḥájíbu'd-Datilih	Hajibu'd-Datilih
75	Ḥájíbu'd-Dawlih	Ḥajíbu’d-Dawlih
1	Ḥájíbu'ld-Dawlih	Ḥajíbu’d-Dawlih
2	Ḥájíyyih	Hajiyyih
1	Ḍíyá\lK_hánum	ḌíyáK_hánum
2	‘‘Umars	‘Umars
1	“Ḥájíb-ed-Dawla,”	“Ḥajíbu’d-Dawlih,”
